"frame","x [nm]","y [nm]","z [nm]"
0.0,3136.0,4007.3,-1460.0
0.0,3136.9,4008.6,-1440.0
0.0,3135.0,4006.0,-1460.0
0.0,3135.9,4009.0,-1445.0
0.0,3137.9,4009.5,-1435.0
0.0,3136.7,4009.9,-1440.0
0.0,3136.0,4011.1,-1435.0
0.0,3136.5,4009.7,-1440.0
0.0,3136.0,4010.3,-1430.0
0.0,3135.6,4008.8,-1440.0
0.0,3136.2,4007.9,-1440.0
0.0,3135.6,4008.6,-1440.0
0.0,3136.8,4010.2,-1435.0
0.0,3136.3,4008.3,-1440.0
0.0,3135.6,4008.6,-1440.0
0.0,3137.1,4009.5,-1430.0
0.0,3136.4,4008.0,-1435.0
0.0,3135.1,4009.8,-1435.0
0.0,3136.9,4008.9,-1435.0
0.0,3134.4,4008.2,-1440.0
0.0,3136.7,4008.9,-1435.0
0.0,3136.4,4007.7,-1435.0
0.0,3136.1,4005.9,-1445.0
0.0,3133.1,4006.8,-1435.0
0.0,3136.3,4005.3,-1445.0
0.0,3137.6,4005.3,-1440.0
0.0,3135.4,4003.8,-1445.0
0.0,3137.4,4004.1,-1445.0
0.0,3136.3,4005.4,-1435.0
0.0,3142.2,4005.1,-1440.0
0.0,3142.0,4004.4,-1435.0
0.0,3143.6,4006.6,-1425.0
0.0,3131.9,4009.0,-1440.0
0.0,3132.9,4006.6,-1450.0
0.0,3137.2,4001.4,-1440.0
0.0,3142.2,3997.2,-1430.0
0.0,3142.5,3993.2,-1430.0
0.0,3148.0,3992.6,-1430.0
0.0,3150.3,3995.7,-1425.0
0.0,3151.5,3999.5,-1430.0
0.0,3152.3,4002.2,-1430.0
0.0,3151.1,4004.5,-1435.0
0.0,3150.9,4006.4,-1435.0
0.0,3150.7,4005.2,-1430.0
0.0,3149.6,4005.9,-1435.0
0.0,3149.4,4007.5,-1430.0
0.0,3147.8,4008.2,-1425.0
0.0,3147.0,4009.1,-1425.0
0.0,3144.9,4012.8,-1425.0
0.0,3139.5,4007.2,-1435.0
0.0,3136.9,4005.9,-1440.0
0.0,3137.4,4003.0,-1450.0
0.0,3138.9,4002.2,-1445.0
0.0,3136.8,4002.9,-1440.0
0.0,3136.0,4001.4,-1440.0
0.0,3136.8,3998.9,-1450.0
0.0,3132.5,3999.7,-1445.0
0.0,3130.5,3997.1,-1445.0
0.0,3127.0,3994.4,-1450.0
0.0,3124.7,3992.2,-1450.0
0.0,3126.0,3991.7,-1450.0
0.0,3127.5,3992.5,-1435.0
0.0,3133.2,3986.0,-1435.0
0.0,3139.4,3991.1,-1425.0
0.0,3140.2,3991.9,-1425.0
0.0,3135.4,3993.9,-1430.0
0.0,3132.6,3994.0,-1430.0
0.0,3128.9,3990.8,-1435.0
0.0,3128.7,3987.6,-1435.0
0.0,3128.2,3986.0,-1435.0
0.0,3131.1,3986.7,-1435.0
0.0,3132.0,3987.3,-1435.0
0.0,3131.3,3990.0,-1440.0
0.0,3129.0,3994.1,-1440.0
0.0,3129.1,3994.8,-1440.0
0.0,3128.1,3994.7,-1435.0
0.0,3126.7,3994.4,-1440.0
0.0,3123.7,3993.2,-1440.0
0.0,3126.5,3992.8,-1440.0
0.0,3127.1,3992.4,-1445.0
0.0,3127.0,3994.6,-1440.0
0.0,3128.2,3995.6,-1445.0
0.0,3126.5,3994.9,-1440.0
0.0,3129.7,3993.8,-1450.0
0.0,3127.4,3996.5,-1445.0
0.0,3130.4,3995.3,-1450.0
0.0,3127.8,3996.5,-1445.0
0.0,3128.4,3996.0,-1450.0
0.0,3129.6,3996.3,-1440.0
0.0,3128.4,3995.0,-1440.0
0.0,3130.6,3994.1,-1445.0
0.0,3128.6,3993.9,-1450.0
0.0,3129.8,3995.4,-1445.0
0.0,3129.8,3994.8,-1445.0
0.0,3130.0,3993.6,-1450.0
0.0,3128.3,3995.7,-1445.0
0.0,3128.6,3994.0,-1445.0
0.0,3128.5,3995.2,-1445.0
0.0,3128.4,3993.5,-1455.0
0.0,3127.5,3996.2,-1440.0
0.0,3127.8,3996.0,-1445.0
0.0,3130.4,3995.2,-1455.0
0.0,3128.5,3995.7,-1445.0
0.0,3127.8,3995.4,-1440.0
0.0,3126.8,3994.6,-1445.0
0.0,3127.9,3994.2,-1440.0
0.0,3128.6,3994.8,-1450.0
0.0,3129.3,3994.7,-1445.0
0.0,3129.2,3994.1,-1450.0
0.0,3127.2,3994.0,-1440.0
0.0,3127.2,3995.3,-1445.0
0.0,3128.4,3995.5,-1445.0
0.0,3127.3,3994.9,-1445.0
0.0,3128.3,3995.6,-1445.0
0.0,3128.8,3995.0,-1445.0
0.0,3128.4,3995.0,-1445.0
0.0,3127.2,3994.8,-1440.0
0.0,3128.1,3994.6,-1445.0
0.0,3127.6,3992.9,-1445.0
0.0,3126.3,3992.2,-1440.0
0.0,3126.0,3991.2,-1435.0
0.0,3127.9,3991.8,-1445.0
0.0,3127.4,3991.2,-1445.0
0.0,3129.1,3991.6,-1440.0
0.0,3131.2,3992.6,-1435.0
0.0,3131.9,3993.6,-1440.0
0.0,3126.4,3992.7,-1440.0
0.0,3121.8,3989.9,-1435.0
0.0,3122.9,3989.7,-1445.0
0.0,3130.2,3993.2,-1450.0
0.0,3131.6,3995.5,-1445.0
0.0,3130.5,3994.0,-1440.0
0.0,3131.6,3993.5,-1440.0
0.0,3131.9,3992.8,-1435.0
0.0,3132.5,3993.4,-1440.0
0.0,3132.7,3994.1,-1440.0
0.0,3134.3,3993.6,-1435.0
0.0,3132.7,3993.4,-1440.0
0.0,3132.1,3996.6,-1435.0
0.0,3131.7,3997.8,-1435.0
0.0,3128.7,3994.8,-1440.0
0.0,3127.0,3992.5,-1440.0
0.0,3125.0,3990.7,-1445.0
0.0,3124.4,3991.7,-1445.0
0.0,3123.6,3994.1,-1430.0
0.0,3126.5,3993.3,-1435.0
0.0,3126.2,3992.6,-1435.0
0.0,3126.5,3991.5,-1435.0
0.0,3124.8,3989.0,-1435.0
0.0,3124.6,3987.4,-1440.0
0.0,3122.4,3987.1,-1435.0
0.0,3123.7,3985.3,-1435.0
0.0,3124.8,3984.7,-1440.0
0.0,3123.1,3984.8,-1435.0
0.0,3122.3,3985.7,-1435.0
0.0,3122.7,3985.6,-1435.0
0.0,3125.4,3987.9,-1435.0
0.0,3123.3,3986.1,-1435.0
0.0,3126.1,3988.2,-1440.0
0.0,3126.2,3987.0,-1435.0
0.0,3125.7,3985.7,-1435.0
0.0,3127.2,3985.8,-1440.0
0.0,3125.7,3984.3,-1440.0
0.0,3124.9,3984.3,-1440.0
0.0,3119.8,3985.8,-1435.0
0.0,3116.5,3987.2,-1440.0
0.0,3117.6,3985.2,-1445.0
0.0,3122.0,3981.4,-1440.0
0.0,3125.7,3980.1,-1440.0
0.0,3126.0,3980.6,-1440.0
0.0,3124.7,3980.6,-1435.0
0.0,3125.2,3979.1,-1435.0
0.0,3122.9,3978.7,-1440.0
0.0,3123.7,3980.1,-1440.0
0.0,3122.5,3981.6,-1440.0
0.0,3123.9,3981.3,-1435.0
0.0,3124.2,3980.8,-1440.0
0.0,3125.0,3979.5,-1440.0
0.0,3127.2,3979.1,-1435.0
0.0,3128.1,3978.0,-1435.0
0.0,3127.7,3976.6,-1435.0
0.0,3127.9,3976.7,-1435.0
0.0,3125.3,3976.5,-1435.0
0.0,3123.8,3979.2,-1435.0
0.0,3124.1,3981.5,-1435.0
0.0,3123.8,3980.9,-1440.0
0.0,3123.1,3985.0,-1440.0
0.0,3122.6,3982.0,-1440.0
0.0,3127.1,3984.6,-1440.0
0.0,3126.9,3984.5,-1440.0
0.0,3127.5,3986.9,-1440.0
0.0,3125.3,3988.4,-1440.0
0.0,3124.9,3986.4,-1445.0
0.0,3125.4,3984.7,-1440.0
0.0,3125.3,3982.1,-1440.0
0.0,3123.6,3983.6,-1440.0
0.0,3118.0,3984.9,-1435.0
0.0,3119.2,3984.5,-1440.0
0.0,3122.6,3985.8,-1440.0
0.0,3124.9,3984.1,-1440.0
0.0,3124.7,3986.6,-1440.0
0.0,3124.6,3987.8,-1445.0
0.0,3125.4,3986.7,-1440.0
0.0,3128.3,3986.4,-1440.0
0.0,3127.6,3983.0,-1440.0
0.0,3123.9,3982.5,-1435.0
0.0,3122.7,3981.9,-1440.0
0.0,3124.9,3981.9,-1440.0
0.0,3121.9,3980.2,-1445.0
0.0,3122.7,3981.0,-1440.0
0.0,3123.9,3980.1,-1440.0
0.0,3128.9,3979.8,-1445.0
0.0,3130.3,3975.4,-1440.0
0.0,3138.1,3975.8,-1420.0
0.0,3132.6,3974.4,-1430.0
0.0,3131.5,3976.3,-1435.0
0.0,3128.1,3976.0,-1440.0
0.0,3126.6,3979.8,-1440.0
0.0,3126.7,3980.5,-1440.0
0.0,3128.3,3982.8,-1440.0
0.0,3127.8,3981.6,-1435.0
0.0,3130.0,3982.0,-1435.0
0.0,3130.1,3980.9,-1440.0
0.0,3130.5,3979.3,-1435.0
0.0,3128.0,3977.5,-1435.0
0.0,3128.3,3978.2,-1435.0
0.0,3128.8,3977.8,-1435.0
0.0,3128.4,3977.1,-1430.0
0.0,3127.6,3974.4,-1430.0
0.0,3128.4,3973.2,-1435.0
0.0,3127.4,3972.9,-1435.0
0.0,3128.4,3975.6,-1440.0
0.0,3128.0,3974.9,-1435.0
0.0,3127.8,3976.3,-1435.0
0.0,3127.1,3976.0,-1440.0
0.0,3125.1,3975.2,-1435.0
0.0,3125.3,3977.0,-1435.0
0.0,3125.2,3979.0,-1430.0
0.0,3124.5,3978.1,-1430.0
0.0,3124.2,3976.5,-1440.0
0.0,3122.4,3975.9,-1435.0
0.0,3122.7,3976.5,-1440.0
0.0,3122.0,3975.4,-1435.0
0.0,3121.7,3976.1,-1435.0
0.0,3121.2,3976.5,-1435.0
0.0,3121.8,3974.2,-1440.0
0.0,3120.8,3973.6,-1435.0
0.0,3120.7,3973.8,-1430.0
0.0,3121.0,3975.3,-1435.0
0.0,3120.4,3974.0,-1435.0
0.0,3122.2,3974.1,-1440.0
0.0,3123.0,3972.9,-1430.0
0.0,3124.0,3972.0,-1435.0
0.0,3123.2,3970.3,-1435.0
0.0,3121.4,3970.7,-1435.0
0.0,3125.1,3970.4,-1435.0
0.0,3124.6,3969.1,-1430.0
0.0,3125.1,3970.4,-1425.0
0.0,3123.9,3968.7,-1430.0
0.0,3122.6,3968.4,-1430.0
0.0,3122.0,3967.9,-1430.0
0.0,3121.8,3969.2,-1425.0
0.0,3121.2,3970.5,-1430.0
0.0,3119.8,3973.1,-1420.0
0.0,3120.1,3971.5,-1430.0
0.0,3118.4,3972.2,-1435.0
0.0,3118.4,3970.7,-1435.0
0.0,3119.8,3969.9,-1435.0
0.0,3120.0,3967.3,-1435.0
0.0,3120.9,3969.8,-1440.0
0.0,3118.9,3970.9,-1435.0
0.0,3118.6,3969.9,-1435.0
0.0,3117.4,3972.6,-1435.0
0.0,3118.3,3971.9,-1435.0
0.0,3120.4,3970.6,-1435.0
0.0,3124.2,3968.2,-1430.0
0.0,3124.7,3966.5,-1430.0
0.0,3124.0,3966.9,-1435.0
0.0,3123.3,3966.7,-1430.0
0.0,3120.7,3966.1,-1430.0
0.0,3121.1,3964.5,-1430.0
0.0,3121.4,3965.8,-1430.0
0.0,3120.7,3965.6,-1430.0
0.0,3120.2,3966.0,-1425.0
0.0,3120.4,3966.8,-1435.0
0.0,3119.8,3965.7,-1430.0
0.0,3119.7,3967.1,-1430.0
0.0,3119.4,3966.9,-1430.0
0.0,3119.3,3964.6,-1425.0
0.0,3118.4,3964.0,-1435.0
0.0,3120.1,3962.4,-1430.0
0.0,3119.6,3965.3,-1430.0
0.0,3119.9,3964.4,-1435.0
0.0,3119.9,3963.5,-1430.0
0.0,3120.2,3966.4,-1430.0
0.0,3120.0,3965.8,-1430.0
0.0,3120.7,3968.3,-1435.0
0.0,3118.5,3966.8,-1430.0
0.0,3119.5,3966.7,-1425.0
0.0,3117.1,3969.3,-1435.0
0.0,3115.6,3968.5,-1435.0
0.0,3114.5,3971.0,-1435.0
0.0,3117.0,3969.7,-1435.0
0.0,3120.1,3970.2,-1435.0
0.0,3116.6,3968.9,-1435.0
0.0,3113.9,3970.5,-1430.0
0.0,3109.4,3968.9,-1430.0
0.0,3104.2,3967.7,-1435.0
0.0,3112.3,3972.5,-1435.0
0.0,3117.3,3975.0,-1435.0
0.0,3117.5,3973.7,-1435.0
0.0,3118.2,3973.2,-1435.0
0.0,3114.2,3971.6,-1425.0
0.0,3113.9,3970.7,-1430.0
0.0,3112.6,3969.8,-1430.0
0.0,3108.4,3969.6,-1430.0
0.0,3108.3,3971.2,-1435.0
0.0,3107.1,3970.3,-1430.0
0.0,3109.8,3972.7,-1435.0
0.0,3111.6,3975.9,-1435.0
0.0,3108.3,3974.2,-1430.0
0.0,3109.2,3973.2,-1435.0
0.0,3109.2,3970.4,-1435.0
0.0,3111.3,3966.6,-1435.0
0.0,3113.2,3964.3,-1435.0
0.0,3114.5,3962.9,-1430.0
0.0,3115.5,3960.8,-1425.0
0.0,3117.0,3960.9,-1425.0
0.0,3115.4,3960.2,-1425.0
0.0,3116.1,3959.2,-1425.0
0.0,3116.7,3960.9,-1435.0
0.0,3116.9,3959.0,-1430.0
0.0,3114.9,3959.3,-1435.0
0.0,3114.9,3958.9,-1430.0
0.0,3114.6,3958.9,-1430.0
0.0,3115.5,3958.6,-1425.0
0.0,3115.6,3958.5,-1430.0
0.0,3114.6,3958.3,-1430.0
0.0,3114.1,3958.7,-1435.0
0.0,3115.4,3958.3,-1430.0
0.0,3113.3,3958.7,-1425.0
0.0,3112.2,3957.9,-1420.0
0.0,3109.9,3956.1,-1425.0
0.0,3110.8,3958.5,-1425.0
0.0,3113.2,3956.1,-1430.0
0.0,3111.6,3954.9,-1425.0
0.0,3115.1,3953.2,-1425.0
0.0,3111.0,3952.9,-1430.0
0.0,3112.6,3952.2,-1430.0
0.0,3111.4,3952.6,-1430.0
0.0,3113.4,3951.9,-1430.0
0.0,3114.1,3950.1,-1430.0
0.0,3115.6,3951.5,-1430.0
0.0,3116.1,3952.0,-1430.0
0.0,3115.4,3953.3,-1430.0
0.0,3116.0,3952.6,-1425.0
0.0,3115.0,3955.2,-1430.0
0.0,3114.2,3955.1,-1425.0
0.0,3113.3,3953.8,-1425.0
0.0,3112.4,3953.7,-1425.0
0.0,3113.3,3954.0,-1420.0
0.0,3112.5,3953.0,-1425.0
0.0,3113.1,3952.4,-1425.0
0.0,3112.0,3951.2,-1430.0
0.0,3112.8,3951.9,-1425.0
0.0,3111.5,3953.3,-1420.0
0.0,3114.0,3955.0,-1420.0
0.0,3110.9,3952.7,-1430.0
0.0,3111.5,3953.5,-1425.0
0.0,3109.3,3953.2,-1425.0
0.0,3110.7,3954.6,-1425.0
0.0,3111.6,3952.8,-1430.0
0.0,3114.3,3950.7,-1425.0
0.0,3112.5,3950.0,-1430.0
0.0,3113.0,3946.2,-1430.0
0.0,3115.2,3945.9,-1420.0
0.0,3115.3,3947.2,-1420.0
0.0,3112.2,3950.8,-1430.0
0.0,3110.9,3952.5,-1435.0
0.0,3112.9,3949.8,-1430.0
0.0,3115.8,3947.9,-1430.0
0.0,3118.4,3947.3,-1425.0
0.0,3119.0,3947.8,-1420.0
0.0,3116.6,3943.6,-1415.0
0.0,3112.8,3949.1,-1415.0
0.0,3112.8,3946.5,-1415.0
0.0,3110.7,3949.6,-1425.0
0.0,3112.6,3951.6,-1425.0
0.0,3112.8,3954.9,-1420.0
0.0,3114.1,3956.7,-1425.0
0.0,3114.0,3957.4,-1430.0
0.0,3113.9,3957.2,-1430.0
0.0,3115.4,3957.2,-1430.0
0.0,3113.7,3958.1,-1425.0
0.0,3114.5,3959.5,-1420.0
0.0,3112.4,3957.0,-1425.0
0.0,3112.9,3958.7,-1420.0
0.0,3111.7,3955.9,-1420.0
0.0,3108.9,3957.4,-1425.0
0.0,3110.2,3955.0,-1425.0
0.0,3107.8,3955.7,-1430.0
0.0,3111.0,3955.9,-1425.0
0.0,3109.5,3956.1,-1430.0
0.0,3107.6,3952.8,-1425.0
0.0,3109.4,3952.6,-1430.0
0.0,3110.4,3951.0,-1435.0
0.0,3110.9,3951.0,-1425.0
0.0,3112.1,3948.7,-1425.0
0.0,3111.8,3947.1,-1425.0
0.0,3115.5,3947.4,-1420.0
0.0,3113.6,3945.8,-1420.0
0.0,3114.5,3946.0,-1420.0
0.0,3111.4,3946.5,-1415.0
0.0,3112.4,3946.4,-1425.0
0.0,3111.9,3946.1,-1425.0
0.0,3111.4,3946.9,-1425.0
0.0,3111.0,3949.5,-1425.0
0.0,3111.1,3949.4,-1420.0
0.0,3107.0,3952.6,-1425.0
0.0,3105.2,3955.4,-1425.0
0.0,3101.0,3957.7,-1430.0
0.0,3099.0,3958.3,-1430.0
0.0,3101.4,3952.7,-1430.0
0.0,3104.6,3943.4,-1415.0
0.0,3105.9,3935.7,-1415.0
0.0,3108.0,3935.8,-1415.0
0.0,3106.9,3935.4,-1420.0
0.0,3106.9,3937.1,-1425.0
0.0,3107.3,3942.8,-1425.0
0.0,3107.2,3947.7,-1425.0
0.0,3106.1,3948.6,-1425.0
0.0,3107.2,3947.6,-1425.0
0.0,3108.2,3946.0,-1420.0
0.0,3110.7,3941.5,-1420.0
0.0,3110.8,3941.7,-1420.0
0.0,3111.8,3941.7,-1420.0
0.0,3110.3,3942.3,-1415.0
0.0,3111.5,3942.1,-1415.0
0.0,3112.3,3941.8,-1415.0
0.0,3110.9,3942.6,-1415.0
0.0,3111.7,3943.3,-1415.0
0.0,3112.3,3943.5,-1415.0
0.0,3113.0,3942.9,-1415.0
0.0,3114.9,3942.2,-1415.0
0.0,3114.7,3939.7,-1420.0
0.0,3115.0,3941.6,-1415.0
0.0,3112.0,3939.2,-1415.0
0.0,3112.8,3938.8,-1415.0
0.0,3112.7,3938.5,-1415.0
0.0,3111.1,3937.4,-1415.0
0.0,3110.3,3937.3,-1415.0
0.0,3109.3,3938.3,-1415.0
0.0,3107.6,3936.8,-1415.0
0.0,3106.7,3935.8,-1415.0
0.0,3104.6,3938.9,-1415.0
0.0,3103.2,3941.5,-1415.0
0.0,3104.8,3941.8,-1420.0
0.0,3102.2,3939.9,-1420.0
0.0,3098.2,3937.9,-1415.0
0.0,3101.6,3933.0,-1415.0
0.0,3104.9,3928.8,-1420.0
0.0,3109.7,3926.5,-1425.0
0.0,3109.6,3925.5,-1420.0
0.0,3109.5,3924.7,-1420.0
0.0,3116.1,3924.0,-1430.0
0.0,3115.6,3926.0,-1425.0
0.0,3114.4,3930.0,-1415.0
0.0,3116.6,3931.8,-1415.0
0.0,3115.4,3933.2,-1415.0
0.0,3117.2,3934.0,-1420.0
0.0,3116.5,3934.8,-1415.0
0.0,3116.3,3941.9,-1415.0
0.0,3109.0,3946.8,-1415.0
0.0,3102.0,3952.7,-1420.0
0.0,3102.1,3949.1,-1425.0
0.0,3104.7,3947.7,-1420.0
0.0,3098.8,3951.4,-1415.0
0.0,3090.0,3955.1,-1415.0
0.0,3087.9,3949.9,-1415.0
0.0,3092.8,3947.2,-1415.0
0.0,3100.1,3940.9,-1420.0
0.0,3109.4,3935.1,-1425.0
0.0,3114.9,3933.9,-1425.0
0.0,3117.6,3934.7,-1415.0
0.0,3118.5,3936.0,-1415.0
0.0,3116.7,3935.1,-1415.0
0.0,3116.3,3932.4,-1415.0
0.0,3114.0,3929.8,-1420.0
0.0,3111.8,3930.0,-1415.0
0.0,3111.8,3929.5,-1415.0
0.0,3113.7,3930.0,-1415.0
0.0,3112.4,3927.7,-1420.0
0.0,3110.2,3926.5,-1420.0
0.0,3105.5,3928.9,-1415.0
0.0,3099.9,3931.1,-1410.0
0.0,3096.9,3932.4,-1415.0
0.0,3103.7,3932.5,-1420.0
0.0,3109.6,3933.5,-1415.0
0.0,3108.6,3930.7,-1415.0
0.0,3107.4,3929.0,-1420.0
0.0,3106.1,3925.7,-1425.0
0.0,3110.6,3924.9,-1430.0
0.0,3110.7,3923.5,-1435.0
0.0,3109.7,3922.0,-1435.0
0.0,3109.4,3923.4,-1430.0
0.0,3108.3,3922.1,-1425.0
0.0,3107.8,3922.9,-1425.0
0.0,3108.6,3922.6,-1425.0
0.0,3106.7,3923.0,-1430.0
0.0,3107.0,3923.2,-1425.0
0.0,3106.8,3922.6,-1425.0
0.0,3106.9,3922.2,-1425.0
0.0,3105.0,3923.1,-1425.0
0.0,3104.2,3920.9,-1435.0
0.0,3107.5,3924.8,-1425.0
0.0,3108.1,3924.0,-1425.0
0.0,3108.4,3922.2,-1430.0
0.0,3109.2,3921.3,-1430.0
0.0,3107.7,3920.8,-1440.0
0.0,3109.1,3921.2,-1435.0
0.0,3108.6,3922.9,-1435.0
0.0,3105.8,3921.6,-1435.0
0.0,3106.6,3922.0,-1425.0
0.0,3105.2,3920.9,-1440.0
0.0,3106.1,3923.5,-1430.0
0.0,3106.4,3923.9,-1425.0
0.0,3105.8,3923.4,-1425.0
0.0,3105.8,3921.6,-1430.0
0.0,3106.9,3921.8,-1430.0
0.0,3105.6,3920.8,-1430.0
0.0,3106.5,3919.7,-1430.0
0.0,3105.7,3919.9,-1430.0
0.0,3105.7,3919.1,-1440.0
0.0,3107.6,3922.2,-1430.0
0.0,3106.1,3920.4,-1430.0
0.0,3106.0,3920.9,-1430.0
0.0,3107.1,3918.9,-1435.0
0.0,3108.6,3919.9,-1435.0
0.0,3110.5,3920.3,-1440.0
0.0,3109.4,3918.7,-1435.0
0.0,3108.4,3919.3,-1430.0
0.0,3108.4,3918.5,-1435.0
0.0,3109.0,3919.2,-1435.0
0.0,3110.3,3917.6,-1435.0
0.0,3108.1,3918.2,-1435.0
0.0,3109.3,3913.6,-1445.0
0.0,3108.2,3917.1,-1440.0
0.0,3108.8,3911.9,-1445.0
0.0,3109.9,3911.1,-1450.0
0.0,3109.7,3911.7,-1445.0
0.0,3109.0,3910.3,-1450.0
0.0,3109.6,3910.0,-1450.0
0.0,3108.3,3908.1,-1460.0
0.0,3109.7,3908.8,-1455.0
0.0,3108.8,3909.8,-1450.0
0.0,3111.4,3910.4,-1455.0
0.0,3110.6,3909.4,-1455.0
0.0,3110.3,3910.3,-1450.0
0.0,3109.9,3908.5,-1460.0
0.0,3110.1,3908.1,-1455.0
0.0,3110.1,3908.3,-1460.0
0.0,3107.2,3906.7,-1455.0
0.0,3108.8,3906.1,-1455.0
0.0,3109.7,3906.4,-1455.0
0.0,3111.0,3908.3,-1455.0
0.0,3111.5,3911.2,-1450.0
0.0,3111.4,3912.3,-1450.0
0.0,3111.1,3911.3,-1450.0
0.0,3111.6,3911.9,-1450.0
0.0,3109.0,3909.6,-1450.0
0.0,3109.2,3909.1,-1455.0
0.0,3111.7,3904.9,-1460.0
0.0,3112.2,3901.4,-1455.0
0.0,3115.1,3902.6,-1455.0
0.0,3115.9,3903.4,-1455.0
0.0,3114.7,3903.8,-1450.0
0.0,3113.8,3904.7,-1460.0
0.0,3112.1,3904.9,-1455.0
0.0,3110.6,3905.8,-1450.0
0.0,3111.3,3904.8,-1455.0
0.0,3109.4,3905.5,-1455.0
0.0,3110.2,3904.4,-1455.0
0.0,3109.6,3904.3,-1455.0
0.0,3110.6,3905.1,-1455.0
0.0,3112.2,3902.7,-1455.0
0.0,3111.7,3901.7,-1450.0
0.0,3112.0,3901.1,-1450.0
0.0,3111.8,3900.3,-1455.0
0.0,3110.7,3900.8,-1450.0
0.0,3108.8,3900.9,-1445.0
0.0,3106.3,3903.0,-1455.0
0.0,3108.7,3905.5,-1455.0
0.0,3109.0,3908.9,-1450.0
0.0,3109.3,3909.9,-1450.0
0.0,3107.5,3910.6,-1445.0
0.0,3107.9,3909.9,-1455.0
0.0,3105.4,3909.4,-1450.0
0.0,3105.2,3909.9,-1450.0
0.0,3104.9,3911.5,-1445.0
0.0,3106.5,3907.2,-1460.0
0.0,3113.4,3902.6,-1460.0
0.0,3115.0,3899.5,-1455.0
0.0,3114.3,3898.4,-1455.0
0.0,3114.6,3898.8,-1455.0
0.0,3112.4,3898.6,-1450.0
0.0,3113.0,3899.9,-1450.0
0.0,3112.3,3899.3,-1455.0
0.0,3111.8,3901.0,-1455.0
0.0,3109.6,3898.5,-1450.0
0.0,3109.2,3898.8,-1450.0
0.0,3108.5,3898.4,-1450.0
0.0,3105.8,3900.0,-1445.0
0.0,3108.4,3897.8,-1450.0
0.0,3109.4,3898.2,-1455.0
0.0,3107.4,3898.5,-1445.0
0.0,3106.8,3899.7,-1445.0
0.0,3110.5,3899.7,-1455.0
0.0,3109.1,3899.1,-1445.0
0.0,3110.0,3899.1,-1450.0
0.0,3109.1,3899.5,-1450.0
0.0,3111.1,3898.3,-1450.0
0.0,3109.9,3898.8,-1450.0
0.0,3110.7,3897.1,-1450.0
0.0,3109.4,3898.5,-1450.0
0.0,3109.7,3898.3,-1455.0
0.0,3109.7,3897.4,-1445.0
0.0,3110.2,3896.7,-1445.0
0.0,3107.1,3896.4,-1440.0
0.0,3109.4,3896.0,-1445.0
0.0,3106.6,3895.5,-1445.0
0.0,3105.7,3893.1,-1450.0
0.0,3107.9,3893.7,-1450.0
0.0,3104.1,3891.6,-1445.0
0.0,3106.8,3891.3,-1450.0
0.0,3107.7,3892.9,-1450.0
0.0,3107.6,3892.8,-1450.0
0.0,3107.5,3894.3,-1445.0
0.0,3107.3,3895.1,-1445.0
0.0,3108.1,3893.3,-1450.0
0.0,3107.6,3893.5,-1450.0
0.0,3109.2,3893.7,-1450.0
0.0,3107.7,3892.2,-1445.0
0.0,3108.8,3891.0,-1445.0
0.0,3108.6,3892.2,-1445.0
0.0,3106.8,3891.7,-1445.0
0.0,3107.8,3891.0,-1445.0
0.0,3108.4,3890.4,-1450.0
0.0,3109.2,3889.6,-1450.0
0.0,3107.0,3889.4,-1445.0
0.0,3105.4,3889.9,-1445.0
0.0,3105.0,3889.6,-1445.0
0.0,3106.0,3889.7,-1445.0
0.0,3108.5,3889.0,-1450.0
0.0,3106.6,3889.2,-1445.0
0.0,3104.6,3889.9,-1440.0
0.0,3104.6,3891.1,-1440.0
0.0,3108.0,3890.3,-1445.0
0.0,3106.1,3889.9,-1440.0
0.0,3105.0,3887.6,-1445.0
0.0,3107.3,3887.4,-1445.0
0.0,3107.9,3886.7,-1445.0
0.0,3105.4,3885.5,-1440.0
0.0,3107.8,3886.4,-1445.0
0.0,3107.6,3885.4,-1445.0
0.0,3105.0,3885.1,-1440.0
0.0,3107.3,3884.3,-1445.0
0.0,3107.8,3885.1,-1440.0
0.0,3107.3,3883.6,-1445.0
0.0,3108.0,3883.7,-1440.0
0.0,3108.9,3883.2,-1440.0
0.0,3107.8,3884.0,-1445.0
0.0,3109.6,3884.4,-1445.0
0.0,3109.2,3883.0,-1445.0
0.0,3108.3,3883.5,-1445.0
0.0,3108.4,3884.1,-1440.0
0.0,3109.1,3884.2,-1440.0
0.0,3109.0,3882.5,-1445.0
0.0,3110.1,3883.2,-1445.0
0.0,3108.7,3882.5,-1445.0
0.0,3106.6,3884.6,-1445.0
0.0,3106.0,3886.3,-1450.0
0.0,3107.7,3886.6,-1450.0
0.0,3106.6,3887.6,-1450.0
0.0,3110.2,3889.6,-1450.0
0.0,3108.4,3889.4,-1450.0
0.0,3107.7,3888.5,-1455.0
0.0,3108.1,3890.8,-1450.0
0.0,3110.4,3889.1,-1450.0
0.0,3108.5,3887.2,-1440.0
0.0,3109.2,3885.6,-1445.0
0.0,3108.0,3885.5,-1440.0
0.0,3109.0,3884.4,-1440.0
0.0,3107.5,3884.8,-1445.0
0.0,3107.9,3883.4,-1440.0
0.0,3106.6,3883.4,-1445.0
0.0,3109.0,3883.4,-1450.0
0.0,3106.9,3882.4,-1440.0
0.0,3106.9,3881.4,-1440.0
0.0,3105.7,3882.1,-1435.0
0.0,3104.8,3881.7,-1440.0
0.0,3105.2,3880.1,-1435.0
0.0,3104.9,3882.5,-1445.0
0.0,3107.8,3880.5,-1450.0
0.0,3106.4,3883.1,-1440.0
0.0,3106.9,3882.6,-1440.0
0.0,3105.2,3883.0,-1440.0
0.0,3106.2,3883.0,-1445.0
0.0,3104.7,3884.3,-1440.0
0.0,3104.6,3884.5,-1440.0
0.0,3103.8,3884.7,-1440.0
0.0,3104.1,3883.8,-1440.0
0.0,3104.3,3883.6,-1440.0
0.0,3102.6,3883.6,-1440.0
0.0,3104.2,3882.3,-1450.0
0.0,3101.0,3882.7,-1440.0
0.0,3103.4,3880.8,-1450.0
0.0,3101.8,3882.4,-1440.0
0.0,3101.4,3879.9,-1440.0
0.0,3101.9,3880.8,-1435.0
0.0,3102.5,3880.6,-1440.0
0.0,3103.0,3879.6,-1445.0
0.0,3102.2,3877.8,-1440.0
0.0,3103.3,3876.9,-1445.0
0.0,3102.7,3874.8,-1440.0
0.0,3103.1,3874.1,-1435.0
0.0,3103.6,3875.4,-1435.0
0.0,3102.7,3873.1,-1435.0
0.0,3101.7,3872.3,-1435.0
0.0,3101.1,3871.4,-1435.0
0.0,3100.9,3871.2,-1430.0
0.0,3099.8,3871.2,-1435.0
0.0,3101.1,3872.6,-1435.0
0.0,3101.2,3871.5,-1435.0
0.0,3102.8,3873.7,-1430.0
0.0,3101.8,3872.0,-1430.0
0.0,3100.9,3873.1,-1425.0
0.0,3102.2,3870.4,-1435.0
0.0,3102.6,3870.6,-1435.0
0.0,3101.6,3870.6,-1435.0
0.0,3104.1,3870.8,-1435.0
0.0,3103.0,3870.6,-1435.0
0.0,3101.9,3869.8,-1440.0
0.0,3102.5,3871.1,-1440.0
0.0,3102.4,3866.0,-1440.0
0.0,3102.6,3870.2,-1435.0
0.0,3103.1,3868.6,-1435.0
0.0,3101.5,3867.2,-1430.0
0.0,3103.2,3867.6,-1435.0
0.0,3100.9,3867.5,-1430.0
0.0,3101.3,3866.3,-1430.0
0.0,3102.1,3865.9,-1435.0
0.0,3101.6,3863.9,-1435.0
0.0,3102.7,3865.5,-1435.0
0.0,3100.4,3864.6,-1430.0
0.0,3099.6,3864.0,-1435.0
0.0,3100.2,3863.2,-1430.0
0.0,3101.4,3861.9,-1430.0
0.0,3101.5,3864.3,-1425.0
0.0,3102.0,3861.9,-1435.0
0.0,3102.5,3863.1,-1430.0
0.0,3102.2,3862.9,-1430.0
0.0,3103.8,3863.8,-1430.0
0.0,3101.4,3862.3,-1435.0
0.0,3101.9,3863.7,-1435.0
0.0,3100.0,3860.8,-1435.0
0.0,3099.7,3864.5,-1435.0
0.0,3100.9,3864.5,-1430.0
0.0,3099.7,3865.8,-1430.0
0.0,3099.1,3863.6,-1435.0
0.0,3100.6,3864.2,-1435.0
0.0,3101.6,3864.8,-1435.0
0.0,3100.3,3867.0,-1430.0
0.0,3100.1,3867.1,-1430.0
0.0,3102.1,3867.5,-1435.0
0.0,3102.7,3868.7,-1425.0
0.0,3103.1,3867.8,-1430.0
0.0,3102.8,3867.5,-1435.0
0.0,3102.4,3868.2,-1430.0
0.0,3102.1,3867.1,-1425.0
0.0,3102.3,3867.6,-1425.0
0.0,3102.7,3867.5,-1425.0
0.0,3102.9,3867.1,-1430.0
0.0,3104.5,3866.0,-1430.0
0.0,3104.8,3866.1,-1430.0
0.0,3104.4,3866.8,-1435.0
0.0,3103.6,3865.6,-1430.0
0.0,3105.4,3867.0,-1430.0
0.0,3102.8,3864.8,-1435.0
0.0,3105.0,3865.2,-1430.0
0.0,3104.5,3862.0,-1430.0
0.0,3104.2,3862.6,-1430.0
0.0,3104.0,3863.1,-1425.0
0.0,3102.8,3861.0,-1435.0
0.0,3102.8,3860.5,-1435.0
0.0,3103.3,3860.4,-1430.0
0.0,3102.5,3861.2,-1425.0
0.0,3103.2,3861.1,-1430.0
0.0,3102.8,3860.1,-1430.0
0.0,3101.4,3860.5,-1430.0
0.0,3101.9,3860.5,-1435.0
0.0,3101.8,3858.3,-1430.0
0.0,3101.0,3857.8,-1430.0
0.0,3101.2,3858.4,-1435.0
0.0,3100.3,3857.2,-1435.0
0.0,3100.8,3857.6,-1430.0
0.0,3102.2,3857.3,-1435.0
0.0,3099.2,3855.4,-1440.0
0.0,3101.2,3857.6,-1425.0
0.0,3098.7,3858.8,-1430.0
0.0,3099.4,3859.1,-1430.0
0.0,3098.3,3856.8,-1430.0
0.0,3099.4,3859.7,-1430.0
0.0,3098.6,3858.6,-1435.0
0.0,3098.6,3859.0,-1430.0
0.0,3099.4,3859.9,-1430.0
0.0,3099.7,3858.8,-1430.0
0.0,3098.8,3857.8,-1430.0
0.0,3100.2,3859.5,-1425.0
0.0,3099.0,3857.5,-1430.0
0.0,3099.1,3855.8,-1430.0
0.0,3099.3,3855.4,-1435.0
0.0,3100.5,3856.4,-1430.0
0.0,3099.6,3856.9,-1430.0
0.0,3099.5,3857.7,-1430.0
0.0,3099.6,3858.1,-1435.0
0.0,3099.1,3859.2,-1435.0
0.0,3097.1,3863.0,-1435.0
0.0,3094.0,3866.6,-1435.0
0.0,3094.9,3868.8,-1435.0
0.0,3096.6,3866.7,-1435.0
0.0,3097.7,3866.8,-1430.0
0.0,3097.5,3865.1,-1425.0
0.0,3097.0,3862.2,-1430.0
0.0,3097.8,3862.2,-1435.0
0.0,3097.5,3859.8,-1435.0
0.0,3097.5,3857.9,-1435.0
0.0,3098.9,3857.9,-1435.0
0.0,3097.9,3856.4,-1425.0
0.0,3097.8,3852.9,-1430.0
0.0,3099.7,3852.8,-1425.0
0.0,3100.6,3852.2,-1430.0
0.0,3099.7,3851.0,-1425.0
0.0,3096.8,3852.3,-1425.0
0.0,3093.3,3851.8,-1435.0
0.0,3090.9,3858.2,-1435.0
0.0,3090.1,3863.1,-1435.0
0.0,3087.1,3865.9,-1430.0
0.0,3082.5,3867.9,-1430.0
0.0,3082.2,3864.8,-1440.0
0.0,3093.5,3858.8,-1440.0
0.0,3101.1,3857.1,-1435.0
0.0,3105.5,3854.1,-1435.0
0.0,3103.9,3853.6,-1435.0
0.0,3103.1,3852.2,-1430.0
0.0,3101.9,3850.4,-1430.0
0.0,3100.3,3850.5,-1425.0
0.0,3100.5,3850.3,-1430.0
0.0,3101.1,3847.1,-1420.0
0.0,3100.7,3845.7,-1425.0
0.0,3098.8,3844.6,-1425.0
0.0,3100.1,3843.8,-1420.0
0.0,3098.9,3843.0,-1420.0
0.0,3098.3,3840.7,-1420.0
0.0,3099.0,3841.8,-1420.0
0.0,3098.8,3841.7,-1425.0
0.0,3099.3,3840.7,-1420.0
0.0,3100.0,3840.3,-1425.0
0.0,3098.0,3838.2,-1420.0
0.0,3098.0,3838.9,-1425.0
0.0,3096.5,3839.3,-1425.0
0.0,3096.3,3838.4,-1425.0
0.0,3097.0,3839.7,-1425.0
0.0,3097.0,3841.3,-1420.0
0.0,3094.6,3839.2,-1425.0
0.0,3095.2,3839.6,-1425.0
0.0,3095.8,3839.8,-1425.0
0.0,3095.2,3838.9,-1420.0
0.0,3095.7,3843.8,-1415.0
0.0,3094.2,3839.5,-1425.0
0.0,3095.0,3840.0,-1420.0
0.0,3093.7,3837.9,-1425.0
0.0,3094.1,3837.6,-1430.0
0.0,3094.2,3837.0,-1425.0
0.0,3095.0,3837.5,-1425.0
0.0,3093.9,3837.0,-1425.0
0.0,3094.8,3835.5,-1425.0
0.0,3094.0,3836.6,-1420.0
0.0,3093.5,3836.3,-1420.0
0.0,3094.5,3835.6,-1425.0
0.0,3094.1,3835.0,-1425.0
0.0,3093.2,3835.6,-1430.0
0.0,3093.9,3836.8,-1425.0
0.0,3093.1,3835.7,-1425.0
0.0,3092.7,3834.9,-1420.0
0.0,3093.6,3835.4,-1420.0
0.0,3092.5,3835.6,-1420.0
0.0,3092.7,3834.5,-1420.0
0.0,3093.2,3835.5,-1425.0
0.0,3093.4,3834.4,-1420.0
0.0,3095.1,3835.8,-1425.0
0.0,3095.5,3837.4,-1420.0
0.0,3095.4,3837.1,-1420.0
0.0,3095.0,3837.7,-1415.0
0.0,3094.4,3836.9,-1420.0
0.0,3093.0,3834.8,-1415.0
0.0,3093.2,3834.6,-1420.0
0.0,3093.6,3834.1,-1420.0
0.0,3094.6,3833.4,-1425.0
0.0,3092.8,3832.2,-1420.0
0.0,3093.2,3832.8,-1420.0
0.0,3094.1,3832.3,-1420.0
0.0,3094.2,3832.8,-1420.0
0.0,3092.1,3831.3,-1420.0
0.0,3091.7,3830.5,-1420.0
0.0,3093.3,3832.5,-1415.0
0.0,3092.0,3830.4,-1425.0
0.0,3092.7,3829.9,-1420.0
0.0,3092.3,3830.7,-1415.0
0.0,3091.7,3831.9,-1415.0
0.0,3092.8,3831.1,-1415.0
0.0,3091.3,3831.4,-1415.0
0.0,3090.8,3830.4,-1415.0
0.0,3091.0,3829.4,-1425.0
0.0,3091.1,3831.0,-1415.0
0.0,3088.8,3829.8,-1415.0
0.0,3090.1,3828.3,-1420.0
0.0,3089.6,3828.5,-1420.0
0.0,3090.6,3829.5,-1410.0
0.0,3089.4,3829.1,-1415.0
0.0,3088.8,3826.8,-1410.0
0.0,3089.3,3826.9,-1415.0
0.0,3090.8,3828.9,-1415.0
0.0,3089.1,3826.4,-1405.0
0.0,3089.0,3827.0,-1410.0
0.0,3088.1,3826.8,-1405.0
0.0,3087.8,3827.1,-1405.0
0.0,3089.6,3826.7,-1415.0
0.0,3087.2,3826.9,-1415.0
0.0,3087.9,3827.4,-1415.0
0.0,3088.2,3825.8,-1405.0
0.0,3088.3,3826.1,-1415.0
0.0,3087.0,3825.3,-1410.0
0.0,3086.1,3826.0,-1415.0
0.0,3087.5,3826.3,-1420.0
0.0,3088.3,3826.6,-1415.0
0.0,3089.8,3828.5,-1415.0
0.0,3088.1,3828.0,-1410.0
0.0,3088.3,3825.6,-1415.0
0.0,3089.4,3825.8,-1415.0
0.0,3089.2,3827.1,-1410.0
0.0,3089.1,3826.2,-1415.0
0.0,3089.1,3827.3,-1410.0
0.0,3087.9,3826.3,-1410.0
0.0,3088.3,3826.1,-1415.0
0.0,3087.4,3824.2,-1415.0
0.0,3087.2,3824.6,-1415.0
0.0,3087.5,3826.0,-1410.0
0.0,3087.6,3824.5,-1415.0
0.0,3086.9,3822.5,-1410.0
0.0,3088.0,3822.0,-1415.0
0.0,3088.1,3821.5,-1410.0
0.0,3087.5,3821.0,-1410.0
0.0,3088.9,3821.0,-1410.0
0.0,3089.5,3819.9,-1420.0
0.0,3088.7,3823.1,-1415.0
0.0,3087.6,3823.9,-1415.0
0.0,3088.5,3824.7,-1415.0
0.0,3087.0,3824.6,-1415.0
0.0,3087.9,3825.9,-1410.0
0.0,3087.2,3822.2,-1415.0
0.0,3086.4,3821.5,-1415.0
0.0,3087.9,3820.2,-1415.0
0.0,3086.7,3819.0,-1415.0
0.0,3085.6,3815.4,-1415.0
0.0,3085.4,3814.9,-1415.0
0.0,3085.8,3812.3,-1420.0
0.0,3083.9,3810.7,-1425.0
0.0,3084.7,3812.6,-1410.0
0.0,3085.0,3812.1,-1420.0
0.0,3086.6,3812.1,-1425.0
0.0,3087.8,3816.5,-1410.0
0.0,3086.8,3815.8,-1415.0
0.0,3086.8,3819.1,-1410.0
0.0,3087.7,3818.1,-1410.0
0.0,3087.8,3819.4,-1415.0
0.0,3087.4,3819.3,-1415.0
0.0,3087.1,3820.8,-1415.0
0.0,3088.4,3822.1,-1410.0
0.0,3086.4,3821.8,-1415.0
0.0,3086.1,3821.8,-1410.0
0.0,3086.9,3824.5,-1410.0
0.0,3086.1,3823.3,-1415.0
0.0,3088.4,3822.6,-1410.0
0.0,3086.9,3822.4,-1410.0
0.0,3086.2,3822.4,-1410.0
0.0,3086.4,3819.8,-1410.0
0.0,3088.3,3819.8,-1420.0
0.0,3086.6,3820.5,-1410.0
0.0,3089.3,3819.0,-1415.0
0.0,3087.1,3818.8,-1415.0
0.0,3088.9,3818.2,-1415.0
0.0,3089.2,3818.3,-1420.0
0.0,3086.7,3817.0,-1415.0
0.0,3086.8,3817.0,-1415.0
0.0,3087.7,3817.4,-1420.0
0.0,3086.8,3817.6,-1410.0
0.0,3084.6,3815.8,-1420.0
0.0,3085.6,3815.4,-1420.0
0.0,3088.2,3816.0,-1420.0
0.0,3089.2,3815.9,-1415.0
0.0,3089.4,3817.4,-1415.0
0.0,3090.0,3817.8,-1410.0
0.0,3088.9,3816.8,-1410.0
0.0,3089.9,3817.3,-1415.0
0.0,3089.1,3816.9,-1415.0
0.0,3087.6,3816.0,-1415.0
0.0,3088.1,3815.6,-1415.0
0.0,3088.0,3815.6,-1415.0
0.0,3088.2,3814.6,-1415.0
0.0,3088.9,3814.8,-1415.0
0.0,3088.3,3813.2,-1425.0
0.0,3089.8,3814.8,-1415.0
0.0,3089.6,3814.5,-1420.0
0.0,3088.9,3813.8,-1425.0
0.0,3084.7,3818.1,-1410.0
0.0,3077.4,3821.2,-1410.0
0.0,3074.8,3824.9,-1420.0
0.0,3083.6,3822.8,-1400.0
0.0,3089.8,3813.5,-1410.0
0.0,3090.2,3808.4,-1425.0
0.0,3090.4,3808.4,-1430.0
0.0,3088.8,3809.0,-1425.0
0.0,3088.4,3812.3,-1420.0
0.0,3087.5,3810.9,-1425.0
0.0,3088.8,3809.3,-1430.0
0.0,3091.1,3808.9,-1430.0
0.0,3092.5,3805.8,-1440.0
0.0,3092.7,3804.6,-1440.0
0.0,3092.0,3804.8,-1440.0
0.0,3092.2,3806.5,-1435.0
0.0,3091.5,3805.0,-1440.0
0.0,3092.1,3805.1,-1435.0
0.0,3092.0,3805.7,-1430.0
0.0,3091.0,3803.9,-1430.0
0.0,3089.4,3804.2,-1435.0
0.0,3091.5,3804.7,-1435.0
0.0,3089.9,3804.8,-1435.0
0.0,3091.2,3799.2,-1445.0
0.0,3089.3,3799.7,-1435.0
0.0,3089.0,3798.3,-1435.0
0.0,3087.5,3796.9,-1445.0
0.0,3088.8,3796.9,-1445.0
0.0,3088.3,3796.4,-1445.0
0.0,3087.8,3796.2,-1450.0
0.0,3089.0,3794.7,-1445.0
0.0,3087.7,3793.3,-1450.0
0.0,3086.4,3794.7,-1450.0
0.0,3086.5,3794.6,-1450.0
0.0,3086.8,3796.5,-1440.0
0.0,3085.9,3795.1,-1450.0
0.0,3084.8,3795.4,-1445.0
0.0,3084.8,3793.6,-1455.0
0.0,3086.3,3794.3,-1450.0
0.0,3086.9,3793.8,-1450.0
0.0,3085.9,3795.2,-1445.0
0.0,3087.3,3795.6,-1445.0
0.0,3087.3,3796.9,-1440.0
0.0,3086.2,3797.7,-1440.0
0.0,3086.6,3798.9,-1435.0
0.0,3084.0,3803.3,-1435.0
0.0,3084.0,3806.4,-1425.0
0.0,3083.5,3805.1,-1430.0
0.0,3085.6,3804.1,-1435.0
0.0,3087.1,3798.6,-1440.0
0.0,3088.7,3800.2,-1440.0
0.0,3086.2,3797.5,-1445.0
0.0,3086.6,3798.7,-1440.0
0.0,3084.7,3802.3,-1430.0
0.0,3083.6,3797.9,-1440.0
0.0,3081.8,3797.5,-1440.0
0.0,3082.4,3802.7,-1435.0
0.0,3083.8,3802.2,-1435.0
0.0,3080.3,3797.7,-1440.0
0.0,3079.6,3796.8,-1440.0
0.0,3080.5,3801.2,-1440.0
0.0,3083.4,3796.9,-1445.0
0.0,3084.2,3794.0,-1455.0
0.0,3084.0,3794.2,-1450.0
0.0,3081.9,3793.7,-1455.0
0.0,3080.9,3794.8,-1445.0
0.0,3081.7,3794.1,-1445.0
0.0,3081.7,3795.0,-1455.0
0.0,3080.7,3802.2,-1430.0
0.0,3080.3,3797.5,-1440.0
0.0,3080.1,3802.7,-1430.0
0.0,3080.7,3802.0,-1435.0
0.0,3080.8,3803.0,-1435.0
0.0,3081.4,3803.0,-1430.0
0.0,3081.0,3802.4,-1435.0
0.0,3081.9,3795.7,-1450.0
0.0,3084.2,3795.3,-1450.0
0.0,3082.1,3794.3,-1455.0
0.0,3084.4,3793.1,-1455.0
0.0,3085.1,3790.5,-1455.0
0.0,3085.7,3792.6,-1445.0
0.0,3084.4,3792.0,-1450.0
0.0,3086.7,3792.8,-1450.0
0.0,3083.8,3793.8,-1445.0
0.0,3084.1,3793.0,-1445.0
0.0,3084.4,3794.2,-1445.0
0.0,3082.6,3792.9,-1450.0
0.0,3083.1,3791.6,-1450.0
0.0,3082.7,3794.6,-1440.0
0.0,3083.2,3794.8,-1440.0
0.0,3081.3,3795.5,-1440.0
0.0,3082.0,3796.1,-1440.0
0.0,3084.2,3796.0,-1440.0
0.0,3081.7,3796.0,-1435.0
0.0,3082.8,3795.2,-1440.0
0.0,3081.9,3794.4,-1445.0
0.0,3082.7,3794.0,-1450.0
0.0,3083.3,3791.8,-1455.0
0.0,3083.4,3794.0,-1450.0
0.0,3082.2,3792.7,-1445.0
0.0,3082.3,3791.0,-1450.0
0.0,3082.7,3792.4,-1445.0
0.0,3081.2,3792.2,-1445.0
0.0,3083.2,3791.1,-1450.0
0.0,3082.5,3790.9,-1445.0
0.0,3081.6,3790.2,-1445.0
0.0,3081.2,3791.7,-1435.0
0.0,3080.9,3789.5,-1440.0
0.0,3078.9,3789.0,-1440.0
0.0,3080.1,3787.1,-1445.0
0.0,3079.9,3786.9,-1455.0
0.0,3082.0,3789.5,-1445.0
0.0,3081.7,3788.7,-1450.0
0.0,3082.5,3788.4,-1450.0
0.0,3080.8,3788.6,-1450.0
0.0,3078.7,3790.5,-1455.0
0.0,3077.2,3794.7,-1440.0
0.0,3076.6,3795.7,-1440.0
0.0,3078.0,3796.9,-1435.0
0.0,3078.9,3796.3,-1440.0
0.0,3080.0,3791.9,-1445.0
0.0,3080.1,3789.8,-1455.0
0.0,3080.4,3787.6,-1445.0
0.0,3080.8,3786.6,-1445.0
0.0,3079.8,3786.6,-1440.0
0.0,3079.5,3785.0,-1440.0
0.0,3080.0,3783.8,-1440.0
0.0,3082.6,3782.5,-1445.0
0.0,3082.0,3784.0,-1440.0
0.0,3082.0,3781.7,-1440.0
0.0,3081.3,3781.6,-1440.0
0.0,3082.8,3778.5,-1445.0
0.0,3080.5,3779.0,-1440.0
0.0,3081.1,3780.3,-1435.0
0.0,3080.4,3780.1,-1440.0
0.0,3080.9,3779.4,-1445.0
0.0,3081.6,3778.8,-1450.0
0.0,3082.5,3780.4,-1445.0
0.0,3080.7,3778.4,-1445.0
0.0,3077.8,3779.7,-1440.0
0.0,3078.7,3780.6,-1440.0
0.0,3078.0,3778.0,-1440.0
0.0,3081.7,3780.4,-1440.0
0.0,3078.7,3778.6,-1440.0
0.0,3078.3,3778.0,-1445.0
0.0,3079.6,3779.0,-1435.0
0.0,3078.3,3778.5,-1440.0
0.0,3079.2,3777.6,-1440.0
0.0,3079.4,3776.4,-1440.0
0.0,3079.1,3776.8,-1445.0
0.0,3080.1,3776.8,-1445.0
0.0,3080.2,3776.1,-1440.0
0.0,3081.4,3774.5,-1445.0
0.0,3079.7,3774.8,-1440.0
0.0,3079.0,3776.7,-1435.0
0.0,3080.7,3776.2,-1430.0
0.0,3081.4,3776.9,-1430.0
0.0,3079.1,3775.2,-1440.0
0.0,3080.2,3774.3,-1445.0
0.0,3080.2,3774.6,-1440.0
0.0,3080.5,3775.2,-1445.0
0.0,3080.8,3774.9,-1440.0
0.0,3081.5,3776.3,-1430.0
0.0,3081.2,3775.4,-1440.0
0.0,3081.9,3775.1,-1435.0
0.0,3080.9,3775.3,-1445.0
0.0,3079.3,3774.5,-1440.0
0.0,3079.0,3772.8,-1440.0
0.0,3082.1,3773.9,-1440.0
0.0,3081.5,3772.7,-1445.0
0.0,3081.0,3773.1,-1435.0
0.0,3080.8,3772.7,-1440.0
0.0,3081.2,3771.6,-1440.0
0.0,3082.4,3773.1,-1435.0
0.0,3082.0,3773.1,-1440.0
0.0,3082.5,3773.7,-1430.0
0.0,3082.4,3772.4,-1440.0
0.0,3080.9,3771.6,-1440.0
0.0,3080.9,3770.5,-1440.0
0.0,3082.8,3771.5,-1445.0
0.0,3080.6,3772.0,-1440.0
0.0,3080.6,3770.7,-1440.0
0.0,3079.8,3772.0,-1435.0
0.0,3080.5,3769.7,-1435.0
0.0,3081.9,3772.3,-1435.0
0.0,3081.6,3769.5,-1440.0
0.0,3081.6,3772.3,-1440.0
0.0,3085.3,3772.9,-1445.0
0.0,3083.5,3774.7,-1435.0
0.0,3082.3,3774.5,-1440.0
0.0,3082.1,3775.8,-1440.0
0.0,3081.2,3774.9,-1430.0
0.0,3083.8,3773.8,-1450.0
0.0,3083.2,3772.9,-1450.0
0.0,3082.1,3773.4,-1440.0
0.0,3081.0,3772.4,-1435.0
0.0,3079.8,3771.7,-1440.0
0.0,3080.5,3771.9,-1440.0
0.0,3079.1,3770.4,-1440.0
0.0,3082.2,3771.0,-1435.0
0.0,3081.0,3769.8,-1435.0
0.0,3081.9,3770.9,-1440.0
0.0,3080.9,3768.7,-1440.0
0.0,3081.1,3769.7,-1440.0
0.0,3081.2,3769.8,-1435.0
0.0,3081.9,3769.7,-1430.0
0.0,3081.5,3768.5,-1440.0
0.0,3081.6,3767.2,-1440.0
0.0,3084.2,3768.1,-1435.0
0.0,3083.2,3766.8,-1435.0
0.0,3081.9,3764.5,-1435.0
0.0,3083.3,3766.1,-1435.0
0.0,3082.4,3764.5,-1435.0
0.0,3082.1,3765.2,-1435.0
0.0,3083.4,3764.9,-1435.0
0.0,3083.6,3763.7,-1440.0
0.0,3082.2,3765.4,-1430.0
0.0,3081.5,3763.8,-1430.0
0.0,3080.5,3764.1,-1435.0
0.0,3079.8,3764.0,-1440.0
0.0,3080.8,3762.9,-1440.0
0.0,3080.5,3763.6,-1435.0
0.0,3080.8,3763.4,-1435.0
0.0,3079.5,3764.5,-1440.0
0.0,3079.5,3763.9,-1435.0
0.0,3078.0,3762.9,-1440.0
0.0,3076.6,3762.9,-1435.0
0.0,3076.1,3764.6,-1440.0
0.0,3077.7,3764.8,-1435.0
0.0,3076.7,3763.5,-1435.0
0.0,3079.7,3763.9,-1440.0
0.0,3078.7,3762.8,-1435.0
0.0,3080.4,3762.9,-1435.0
0.0,3079.5,3762.0,-1435.0
0.0,3080.4,3760.0,-1435.0
0.0,3081.2,3760.1,-1440.0
0.0,3079.1,3759.9,-1435.0
0.0,3080.4,3760.4,-1430.0
0.0,3077.8,3758.5,-1430.0
0.0,3079.6,3756.5,-1435.0
0.0,3077.5,3754.9,-1430.0
0.0,3076.2,3753.4,-1435.0
0.0,3077.6,3752.5,-1430.0
0.0,3078.6,3753.6,-1435.0
0.0,3080.0,3756.2,-1440.0
0.0,3081.7,3754.0,-1430.0
0.0,3079.5,3756.2,-1430.0
0.0,3080.2,3757.2,-1425.0
0.0,3080.3,3757.7,-1430.0
0.0,3081.0,3756.6,-1430.0
0.0,3080.7,3757.1,-1430.0
0.0,3079.5,3756.1,-1430.0
0.0,3079.7,3757.4,-1435.0
0.0,3079.3,3756.3,-1435.0
0.0,3077.0,3756.1,-1435.0
0.0,3076.6,3760.0,-1430.0
0.0,3074.1,3759.1,-1435.0
0.0,3074.4,3760.7,-1440.0
0.0,3075.5,3761.5,-1430.0
0.0,3078.0,3762.2,-1435.0
0.0,3078.6,3761.0,-1435.0
0.0,3078.4,3760.2,-1435.0
0.0,3078.2,3759.2,-1435.0
0.0,3077.2,3757.9,-1430.0
0.0,3077.8,3758.5,-1430.0
0.0,3076.2,3757.8,-1435.0
0.0,3077.0,3758.5,-1435.0
0.0,3075.9,3757.7,-1430.0
0.0,3074.3,3759.7,-1430.0
0.0,3075.3,3759.1,-1435.0
0.0,3074.5,3757.3,-1435.0
0.0,3075.0,3761.4,-1435.0
0.0,3073.3,3758.9,-1435.0
0.0,3074.0,3761.4,-1435.0
0.0,3075.1,3760.7,-1440.0
0.0,3075.0,3761.8,-1435.0
0.0,3075.4,3761.3,-1435.0
0.0,3075.3,3761.4,-1440.0
0.0,3075.7,3760.9,-1440.0
0.0,3074.4,3762.8,-1435.0
0.0,3075.7,3762.5,-1425.0
0.0,3074.5,3759.2,-1430.0
0.0,3074.6,3761.1,-1435.0
0.0,3076.3,3758.0,-1440.0
0.0,3076.8,3758.0,-1435.0
0.0,3077.3,3757.1,-1435.0
0.0,3075.4,3755.5,-1435.0
0.0,3078.1,3755.2,-1435.0
0.0,3078.1,3754.2,-1435.0
0.0,3080.1,3754.4,-1435.0
0.0,3078.9,3755.3,-1430.0
0.0,3079.9,3756.0,-1425.0
0.0,3078.4,3754.6,-1425.0
0.0,3080.0,3755.4,-1430.0
0.0,3078.8,3755.9,-1430.0
0.0,3080.0,3756.0,-1430.0
0.0,3078.3,3754.5,-1430.0
0.0,3079.6,3755.1,-1430.0
0.0,3078.4,3755.5,-1430.0
0.0,3078.5,3754.0,-1435.0
0.0,3078.2,3752.4,-1435.0
0.0,3078.2,3751.5,-1430.0
0.0,3079.1,3751.7,-1430.0
0.0,3078.9,3752.9,-1420.0
0.0,3079.3,3752.5,-1430.0
0.0,3077.4,3752.3,-1425.0
0.0,3077.6,3751.3,-1425.0
0.0,3076.4,3749.0,-1430.0
0.0,3077.9,3750.3,-1425.0
0.0,3076.4,3750.1,-1430.0
0.0,3077.5,3752.1,-1430.0
0.0,3078.3,3752.3,-1425.0
0.0,3078.3,3753.3,-1425.0
0.0,3076.6,3752.8,-1430.0
0.0,3075.2,3752.7,-1430.0
0.0,3075.5,3752.2,-1435.0
0.0,3076.3,3752.3,-1435.0
0.0,3075.7,3753.8,-1425.0
0.0,3075.5,3752.4,-1435.0
0.0,3075.5,3753.6,-1430.0
0.0,3075.3,3753.1,-1440.0
0.0,3075.4,3752.5,-1430.0
0.0,3075.5,3754.9,-1430.0
0.0,3075.8,3754.3,-1430.0
0.0,3074.0,3752.2,-1430.0
0.0,3076.0,3753.2,-1430.0
0.0,3075.0,3752.2,-1435.0
0.0,3076.0,3751.1,-1430.0
0.0,3076.8,3753.1,-1430.0
0.0,3076.1,3751.3,-1425.0
0.0,3077.3,3751.2,-1425.0
0.0,3076.3,3750.8,-1420.0
0.0,3075.0,3749.0,-1425.0
0.0,3076.3,3750.6,-1425.0
0.0,3077.3,3749.0,-1425.0
0.0,3076.9,3750.1,-1430.0
0.0,3076.8,3748.6,-1430.0
0.0,3077.3,3746.9,-1430.0
0.0,3078.7,3749.2,-1430.0
0.0,3076.8,3747.7,-1430.0
0.0,3077.8,3746.6,-1425.0
0.0,3077.1,3747.0,-1430.0
0.0,3078.7,3748.0,-1430.0
0.0,3078.9,3747.6,-1430.0
0.0,3080.6,3747.7,-1430.0
0.0,3078.8,3747.5,-1430.0
0.0,3079.8,3747.6,-1430.0
0.0,3079.1,3748.3,-1430.0
0.0,3080.4,3748.4,-1430.0
0.0,3079.9,3747.6,-1430.0
0.0,3080.8,3747.9,-1430.0
0.0,3080.7,3749.0,-1425.0
0.0,3079.8,3747.5,-1425.0
0.0,3080.9,3749.5,-1425.0
0.0,3080.7,3748.0,-1425.0
0.0,3081.4,3749.3,-1425.0
0.0,3080.2,3748.1,-1430.0
0.0,3080.5,3749.7,-1425.0
0.0,3079.2,3748.4,-1430.0
0.0,3079.8,3748.4,-1430.0
0.0,3079.9,3750.5,-1425.0
0.0,3078.7,3750.2,-1425.0
0.0,3077.8,3751.0,-1430.0
0.0,3078.7,3750.6,-1425.0
0.0,3079.1,3751.5,-1425.0
0.0,3078.6,3751.1,-1425.0
0.0,3077.8,3751.8,-1430.0
0.0,3075.2,3750.5,-1430.0
0.0,3074.2,3749.8,-1435.0
0.0,3077.5,3751.3,-1430.0
0.0,3075.3,3751.6,-1425.0
0.0,3075.9,3752.1,-1425.0
0.0,3076.7,3753.5,-1425.0
0.0,3076.5,3751.2,-1430.0
0.0,3076.3,3750.1,-1430.0
0.0,3075.8,3751.8,-1430.0
0.0,3076.7,3751.2,-1425.0
0.0,3076.0,3749.1,-1435.0
0.0,3077.2,3748.2,-1430.0
0.0,3077.7,3749.9,-1425.0
0.0,3077.2,3748.7,-1430.0
0.0,3077.4,3747.2,-1430.0
0.0,3076.5,3747.2,-1425.0
0.0,3076.8,3747.0,-1425.0
0.0,3076.5,3748.2,-1425.0
0.0,3075.4,3747.8,-1425.0
0.0,3077.5,3746.5,-1430.0
0.0,3075.0,3746.4,-1425.0
0.0,3075.7,3746.1,-1425.0
0.0,3076.2,3745.3,-1420.0
0.0,3076.3,3746.9,-1420.0
0.0,3073.4,3743.8,-1420.0
0.0,3074.4,3743.9,-1425.0
0.0,3074.0,3741.9,-1425.0
0.0,3074.1,3741.6,-1425.0
0.0,3071.9,3742.7,-1425.0
0.0,3072.3,3742.0,-1430.0
0.0,3073.3,3740.4,-1425.0
0.0,3072.7,3740.7,-1425.0
0.0,3072.3,3739.9,-1425.0
0.0,3072.2,3740.4,-1425.0
0.0,3075.2,3739.0,-1420.0
0.0,3073.7,3740.3,-1420.0
0.0,3073.9,3739.8,-1420.0
0.0,3072.3,3736.7,-1425.0
0.0,3073.2,3737.0,-1425.0
0.0,3073.9,3737.7,-1420.0
0.0,3071.5,3736.3,-1425.0
0.0,3072.2,3734.5,-1425.0
0.0,3072.1,3734.6,-1420.0
0.0,3071.0,3734.9,-1415.0
0.0,3071.9,3733.2,-1420.0
0.0,3073.5,3734.2,-1425.0
0.0,3073.1,3734.5,-1420.0
0.0,3072.3,3732.7,-1425.0
0.0,3073.3,3735.8,-1420.0
0.0,3074.1,3735.9,-1420.0
0.0,3071.7,3734.3,-1425.0
0.0,3072.4,3735.8,-1425.0
0.0,3072.4,3736.7,-1420.0
0.0,3072.0,3736.6,-1420.0
0.0,3073.4,3737.3,-1415.0
0.0,3072.5,3735.7,-1420.0
0.0,3072.3,3737.4,-1420.0
0.0,3072.1,3735.2,-1420.0
0.0,3070.8,3735.1,-1425.0
0.0,3071.9,3735.4,-1420.0
0.0,3071.9,3735.3,-1425.0
0.0,3071.2,3736.1,-1425.0
0.0,3070.5,3734.9,-1425.0
0.0,3070.8,3735.8,-1425.0
0.0,3070.7,3733.8,-1425.0
0.0,3069.8,3735.1,-1425.0
0.0,3069.4,3735.0,-1420.0
0.0,3069.1,3736.2,-1425.0
0.0,3069.4,3736.0,-1415.0
0.0,3069.6,3736.0,-1420.0
0.0,3071.4,3735.4,-1420.0
0.0,3070.3,3734.6,-1425.0
0.0,3070.7,3733.0,-1430.0
0.0,3069.6,3732.5,-1435.0
0.0,3069.2,3731.4,-1425.0
0.0,3069.6,3732.8,-1420.0
0.0,3071.1,3731.5,-1420.0
0.0,3072.1,3729.6,-1430.0
0.0,3072.1,3728.6,-1420.0
0.0,3073.1,3728.2,-1425.0
0.0,3071.7,3729.2,-1420.0
0.0,3074.6,3729.6,-1420.0
0.0,3072.3,3728.7,-1425.0
0.0,3072.5,3728.8,-1420.0
0.0,3074.9,3731.7,-1415.0
0.0,3074.6,3731.6,-1420.0
0.0,3073.4,3728.9,-1420.0
0.0,3073.5,3729.3,-1425.0
0.0,3072.9,3729.9,-1420.0
0.0,3073.4,3728.3,-1425.0
0.0,3074.5,3728.1,-1425.0
0.0,3072.6,3727.7,-1420.0
0.0,3073.5,3729.6,-1420.0
0.0,3073.8,3726.8,-1420.0
0.0,3071.5,3727.3,-1420.0
0.0,3071.3,3725.8,-1420.0
0.0,3071.7,3727.5,-1420.0
0.0,3071.2,3725.7,-1425.0
0.0,3072.3,3723.6,-1420.0
0.0,3070.6,3723.3,-1425.0
0.0,3069.9,3724.6,-1415.0
0.0,3068.6,3724.2,-1415.0
0.0,3068.0,3722.8,-1420.0
0.0,3069.6,3722.4,-1415.0
0.0,3066.6,3720.9,-1420.0
0.0,3067.0,3723.2,-1420.0
0.0,3067.3,3722.1,-1415.0
0.0,3069.1,3723.9,-1420.0
0.0,3069.6,3722.9,-1420.0
0.0,3071.8,3723.6,-1425.0
0.0,3071.1,3723.5,-1415.0
0.0,3069.0,3726.3,-1415.0
0.0,3071.7,3720.7,-1420.0
0.0,3072.0,3720.8,-1420.0
0.0,3070.5,3719.2,-1425.0
0.0,3068.8,3719.3,-1425.0
0.0,3069.0,3720.4,-1420.0
0.0,3068.4,3721.1,-1415.0
0.0,3069.3,3721.8,-1420.0
0.0,3069.5,3721.7,-1420.0
0.0,3069.4,3722.1,-1415.0
0.0,3071.1,3723.6,-1420.0
0.0,3071.0,3721.0,-1420.0
0.0,3072.1,3721.3,-1430.0
0.0,3072.3,3722.4,-1420.0
0.0,3072.6,3720.4,-1425.0
0.0,3074.6,3723.7,-1420.0
0.0,3072.9,3722.4,-1415.0
0.0,3073.5,3722.0,-1415.0
0.0,3072.3,3718.9,-1420.0
0.0,3071.1,3719.3,-1425.0
0.0,3072.8,3719.7,-1420.0
0.0,3070.7,3717.1,-1420.0
0.0,3072.1,3719.9,-1415.0
0.0,3072.7,3718.2,-1420.0
0.0,3072.3,3719.1,-1415.0
0.0,3071.2,3717.8,-1420.0
0.0,3073.5,3720.4,-1420.0
0.0,3073.6,3719.1,-1420.0
0.0,3073.0,3718.3,-1415.0
0.0,3069.6,3719.9,-1420.0
0.0,3066.1,3719.9,-1420.0
0.0,3062.9,3714.7,-1420.0
0.0,3067.8,3711.9,-1415.0
0.0,3074.5,3710.0,-1415.0
0.0,3081.2,3711.0,-1415.0
0.0,3084.4,3714.7,-1415.0
0.0,3084.5,3716.6,-1410.0
0.0,3083.5,3719.3,-1420.0
0.0,3080.9,3719.6,-1420.0
0.0,3082.5,3721.9,-1420.0
0.0,3081.3,3720.9,-1420.0
0.0,3079.5,3719.4,-1415.0
0.0,3077.5,3718.9,-1410.0
0.0,3075.6,3716.1,-1405.0
0.0,3072.9,3712.1,-1410.0
0.0,3073.9,3711.6,-1410.0
0.0,3071.9,3711.2,-1410.0
0.0,3071.3,3708.6,-1405.0
0.0,3072.2,3709.6,-1415.0
0.0,3071.4,3706.9,-1415.0
0.0,3069.9,3707.1,-1410.0
0.0,3068.2,3705.4,-1415.0
0.0,3069.7,3705.5,-1415.0
0.0,3071.8,3709.0,-1405.0
0.0,3069.9,3709.9,-1415.0
0.0,3071.1,3710.6,-1420.0
0.0,3071.3,3711.3,-1415.0
0.0,3071.1,3714.0,-1410.0
0.0,3071.8,3715.6,-1415.0
0.0,3070.2,3715.6,-1415.0
0.0,3069.2,3714.7,-1415.0
0.0,3070.8,3712.3,-1410.0
0.0,3071.7,3712.0,-1410.0
0.0,3071.5,3710.1,-1405.0
0.0,3072.1,3709.0,-1410.0
0.0,3073.1,3712.1,-1405.0
0.0,3070.8,3710.3,-1410.0
0.0,3072.0,3711.7,-1415.0
0.0,3072.5,3714.0,-1415.0
0.0,3071.2,3712.9,-1410.0
0.0,3071.5,3715.3,-1415.0
0.0,3072.8,3714.3,-1415.0
0.0,3072.0,3712.7,-1415.0
0.0,3072.9,3712.0,-1415.0
0.0,3072.9,3710.8,-1415.0
0.0,3075.7,3710.0,-1410.0
0.0,3073.1,3708.6,-1410.0
0.0,3062.1,3711.3,-1400.0
0.0,3061.2,3713.6,-1410.0
0.0,3068.8,3715.6,-1415.0
0.0,3069.0,3717.5,-1410.0
0.0,3066.2,3723.1,-1415.0
0.0,3063.0,3723.2,-1420.0
0.0,3066.6,3720.0,-1420.0
0.0,3069.6,3711.1,-1425.0
0.0,3072.0,3704.7,-1420.0
0.0,3073.1,3701.3,-1415.0
0.0,3074.6,3699.6,-1420.0
0.0,3072.5,3699.4,-1420.0
0.0,3070.6,3700.1,-1415.0
0.0,3070.6,3703.2,-1415.0
0.0,3070.1,3701.7,-1410.0
0.0,3070.8,3703.2,-1415.0
0.0,3071.1,3703.7,-1415.0
0.0,3069.8,3703.2,-1410.0
0.0,3070.2,3703.0,-1415.0
0.0,3069.3,3701.9,-1420.0
0.0,3070.6,3702.9,-1410.0
0.0,3070.2,3702.4,-1410.0
0.0,3069.5,3700.6,-1410.0
0.0,3068.4,3700.1,-1410.0
0.0,3068.6,3699.5,-1415.0
0.0,3069.0,3699.6,-1415.0
0.0,3068.6,3699.8,-1420.0
0.0,3068.0,3700.2,-1420.0
0.0,3067.5,3701.7,-1410.0
0.0,3069.2,3702.6,-1410.0
0.0,3067.5,3700.1,-1410.0
0.0,3065.7,3700.7,-1420.0
0.0,3067.7,3701.4,-1415.0
0.0,3066.6,3701.8,-1415.0
0.0,3068.0,3702.5,-1410.0
0.0,3068.8,3703.2,-1410.0
0.0,3067.8,3701.5,-1415.0
0.0,3065.9,3701.7,-1420.0
0.0,3066.0,3702.5,-1415.0
0.0,3066.6,3700.4,-1415.0
0.0,3066.0,3700.5,-1415.0
0.0,3064.9,3699.1,-1415.0
0.0,3063.4,3699.0,-1415.0
0.0,3063.6,3699.3,-1410.0
0.0,3062.1,3699.4,-1410.0
0.0,3064.9,3697.7,-1410.0
0.0,3065.7,3696.9,-1415.0
0.0,3066.0,3698.4,-1410.0
0.0,3066.0,3697.3,-1415.0
0.0,3066.3,3699.1,-1410.0
0.0,3064.7,3697.3,-1415.0
0.0,3065.1,3696.5,-1415.0
0.0,3065.0,3698.2,-1415.0
0.0,3063.9,3695.8,-1410.0
0.0,3064.6,3694.0,-1415.0
0.0,3063.3,3697.4,-1415.0
0.0,3063.5,3695.0,-1415.0
0.0,3061.9,3695.7,-1410.0
0.0,3062.3,3692.1,-1425.0
0.0,3061.5,3694.2,-1410.0
0.0,3060.1,3691.4,-1420.0
0.0,3059.3,3691.3,-1415.0
0.0,3060.3,3690.7,-1425.0
0.0,3061.4,3692.3,-1420.0
0.0,3060.4,3692.3,-1415.0
0.0,3060.7,3692.8,-1425.0
0.0,3059.6,3692.0,-1425.0
0.0,3060.8,3694.4,-1415.0
0.0,3060.9,3694.6,-1415.0
0.0,3060.4,3690.9,-1425.0
0.0,3061.1,3691.8,-1420.0
0.0,3061.2,3694.1,-1415.0
0.0,3061.0,3691.4,-1425.0
0.0,3060.3,3689.6,-1435.0
0.0,3060.8,3687.3,-1435.0
0.0,3062.6,3691.1,-1420.0
0.0,3062.4,3689.7,-1435.0
0.0,3062.8,3688.6,-1435.0
0.0,3063.8,3685.4,-1435.0
0.0,3062.4,3683.7,-1440.0
0.0,3063.0,3689.1,-1425.0
0.0,3062.0,3683.6,-1440.0
0.0,3061.9,3681.2,-1450.0
0.0,3062.8,3681.3,-1445.0
0.0,3063.8,3678.9,-1445.0
0.0,3063.2,3677.1,-1455.0
0.0,3064.5,3681.0,-1445.0
0.0,3064.0,3679.4,-1445.0
0.0,3064.1,3681.3,-1445.0
0.0,3063.1,3684.0,-1435.0
0.0,3061.7,3690.3,-1430.0
0.0,3061.8,3691.3,-1425.0
0.0,3061.5,3689.8,-1425.0
0.0,3063.5,3690.5,-1430.0
0.0,3064.4,3689.0,-1435.0
0.0,3064.5,3689.4,-1430.0
0.0,3065.1,3689.9,-1430.0
0.0,3064.5,3685.2,-1440.0
0.0,3063.2,3688.3,-1435.0
0.0,3064.2,3690.5,-1430.0
0.0,3064.2,3690.5,-1430.0
0.0,3065.0,3690.5,-1425.0
0.0,3064.7,3689.2,-1430.0
0.0,3062.8,3687.8,-1430.0
0.0,3061.5,3683.1,-1440.0
0.0,3061.1,3689.8,-1425.0
0.0,3059.9,3684.2,-1435.0
0.0,3061.2,3689.0,-1425.0
0.0,3059.3,3684.2,-1430.0
0.0,3063.3,3681.7,-1445.0
0.0,3062.8,3681.9,-1440.0
0.0,3063.3,3681.1,-1445.0
0.0,3063.1,3678.9,-1450.0
0.0,3065.7,3681.2,-1445.0
0.0,3062.0,3683.1,-1435.0
0.0,3064.6,3682.5,-1440.0
0.0,3062.9,3680.9,-1445.0
0.0,3064.0,3683.7,-1435.0
0.0,3063.9,3684.1,-1440.0
0.0,3062.4,3683.4,-1435.0
0.0,3060.3,3687.1,-1430.0
0.0,3059.7,3686.4,-1430.0
0.0,3057.2,3683.7,-1440.0
0.0,3056.5,3687.5,-1430.0
0.0,3056.0,3688.6,-1430.0
0.0,3059.1,3688.1,-1430.0
0.0,3059.1,3684.1,-1435.0
0.0,3062.7,3681.7,-1435.0
0.0,3062.2,3680.0,-1440.0
0.0,3063.0,3676.8,-1445.0
0.0,3060.7,3677.2,-1440.0
0.0,3061.9,3677.0,-1435.0
0.0,3061.7,3675.7,-1440.0
0.0,3060.4,3676.6,-1440.0
0.0,3059.8,3673.2,-1445.0
0.0,3059.9,3675.5,-1440.0
0.0,3059.7,3677.4,-1435.0
0.0,3058.6,3679.2,-1435.0
0.0,3057.2,3675.8,-1435.0
0.0,3057.1,3676.3,-1435.0
0.0,3055.7,3674.0,-1445.0
0.0,3054.6,3673.8,-1440.0
0.0,3056.4,3675.0,-1430.0
0.0,3055.0,3674.5,-1430.0
0.0,3054.9,3672.0,-1435.0
0.0,3055.7,3672.6,-1435.0
0.0,3056.1,3673.7,-1440.0
0.0,3055.2,3672.2,-1435.0
0.0,3056.1,3669.9,-1450.0
0.0,3053.9,3672.2,-1435.0
0.0,3056.0,3668.9,-1445.0
0.0,3055.1,3671.3,-1435.0
0.0,3054.8,3671.0,-1435.0
0.0,3052.8,3668.3,-1440.0
0.0,3052.9,3668.9,-1435.0
0.0,3053.4,3668.9,-1430.0
0.0,3054.5,3668.0,-1435.0
0.0,3056.1,3670.9,-1430.0
0.0,3056.8,3670.2,-1440.0
0.0,3055.7,3669.9,-1435.0
0.0,3055.6,3671.1,-1440.0
0.0,3058.5,3672.0,-1440.0
0.0,3056.5,3672.7,-1435.0
0.0,3056.3,3672.8,-1425.0
0.0,3055.4,3671.1,-1440.0
0.0,3053.6,3671.5,-1435.0
0.0,3054.4,3670.5,-1430.0
0.0,3054.1,3668.9,-1435.0
0.0,3053.9,3669.5,-1435.0
0.0,3056.4,3671.6,-1440.0
0.0,3056.3,3672.1,-1440.0
0.0,3057.7,3674.9,-1445.0
0.0,3055.9,3676.9,-1440.0
0.0,3056.8,3678.4,-1445.0
0.0,3056.4,3680.1,-1440.0
0.0,3056.3,3681.5,-1435.0
0.0,3056.6,3679.2,-1445.0
0.0,3060.4,3679.9,-1445.0
0.0,3058.7,3679.4,-1445.0
0.0,3056.7,3677.0,-1440.0
0.0,3057.1,3677.4,-1450.0
0.0,3054.2,3682.5,-1425.0
0.0,3053.9,3681.8,-1435.0
0.0,3056.2,3678.3,-1445.0
0.0,3053.6,3679.4,-1440.0
0.0,3053.7,3677.7,-1440.0
0.0,3050.2,3679.5,-1435.0
0.0,3050.5,3677.4,-1440.0
0.0,3050.9,3674.4,-1445.0
0.0,3051.0,3669.2,-1440.0
0.0,3053.6,3665.6,-1435.0
0.0,3053.0,3667.6,-1430.0
0.0,3052.8,3669.5,-1435.0
0.0,3050.6,3672.1,-1435.0
0.0,3049.5,3675.6,-1440.0
0.0,3049.3,3674.3,-1440.0
0.0,3050.3,3673.8,-1430.0
0.0,3053.4,3668.0,-1435.0
0.0,3051.9,3663.8,-1435.0
0.0,3052.0,3666.0,-1435.0
0.0,3051.8,3668.0,-1425.0
0.0,3049.0,3668.0,-1435.0
0.0,3050.1,3669.4,-1435.0
0.0,3049.1,3669.4,-1435.0
0.0,3049.0,3669.6,-1440.0
0.0,3050.0,3673.4,-1435.0
0.0,3051.8,3672.9,-1420.0
0.0,3050.2,3671.9,-1430.0
0.0,3051.3,3670.7,-1435.0
0.0,3051.9,3670.1,-1440.0
0.0,3051.4,3668.9,-1435.0
0.0,3052.1,3669.3,-1435.0
0.0,3052.9,3667.8,-1435.0
0.0,3053.9,3666.3,-1445.0
0.0,3051.4,3666.3,-1435.0
0.0,3053.2,3669.3,-1440.0
0.0,3054.3,3668.0,-1445.0
0.0,3052.5,3667.2,-1440.0
0.0,3053.4,3667.4,-1435.0
0.0,3052.4,3668.6,-1430.0
0.0,3051.5,3668.7,-1435.0
0.0,3050.9,3668.6,-1440.0
0.0,3052.7,3670.6,-1430.0
0.0,3050.4,3671.6,-1430.0
0.0,3051.4,3671.5,-1435.0
0.0,3052.6,3671.2,-1435.0
0.0,3051.6,3669.0,-1440.0
0.0,3051.9,3671.1,-1430.0
0.0,3052.3,3669.7,-1440.0
0.0,3053.9,3669.2,-1445.0
0.0,3055.0,3667.0,-1445.0
0.0,3052.9,3667.0,-1440.0
0.0,3052.8,3667.4,-1435.0
0.0,3053.4,3667.6,-1435.0
0.0,3054.2,3667.2,-1440.0
0.0,3052.6,3667.1,-1430.0
0.0,3054.7,3663.7,-1445.0
0.0,3053.0,3666.6,-1435.0
0.0,3056.0,3667.0,-1430.0
0.0,3055.4,3664.5,-1435.0
0.0,3057.3,3663.4,-1430.0
0.0,3057.0,3663.0,-1435.0
0.0,3057.1,3660.4,-1430.0
0.0,3057.2,3658.7,-1430.0
0.0,3056.2,3658.9,-1440.0
0.0,3057.1,3658.7,-1440.0
0.0,3056.2,3658.3,-1435.0
0.0,3055.4,3658.4,-1430.0
0.0,3056.1,3659.9,-1430.0
0.0,3054.4,3659.2,-1435.0
0.0,3056.0,3658.9,-1435.0
0.0,3053.1,3657.9,-1430.0
0.0,3054.4,3658.4,-1430.0
0.0,3054.4,3659.5,-1430.0
0.0,3053.9,3656.9,-1435.0
0.0,3053.6,3659.0,-1435.0
0.0,3053.6,3658.1,-1430.0
0.0,3053.4,3659.2,-1425.0
0.0,3053.3,3657.4,-1435.0
0.0,3053.3,3657.6,-1435.0
0.0,3053.2,3657.6,-1430.0
0.0,3052.1,3658.4,-1430.0
0.0,3051.6,3656.0,-1435.0
0.0,3052.2,3656.0,-1435.0
0.0,3052.3,3656.5,-1430.0
0.0,3051.5,3655.4,-1430.0
0.0,3050.5,3654.3,-1430.0
0.0,3050.2,3653.2,-1430.0
0.0,3053.8,3655.9,-1435.0
0.0,3051.9,3655.7,-1425.0
0.0,3052.3,3655.5,-1425.0
0.0,3052.0,3654.0,-1435.0
0.0,3052.0,3654.8,-1435.0
0.0,3052.4,3654.1,-1435.0
0.0,3054.3,3655.3,-1430.0
0.0,3050.8,3652.7,-1430.0
0.0,3051.1,3654.8,-1430.0
0.0,3052.3,3653.4,-1435.0
0.0,3050.7,3652.8,-1435.0
0.0,3051.9,3650.9,-1425.0
0.0,3051.9,3651.4,-1430.0
0.0,3052.0,3651.8,-1430.0
0.0,3053.2,3651.9,-1435.0
0.0,3052.1,3651.0,-1430.0
0.0,3052.3,3651.7,-1435.0
0.0,3051.9,3653.7,-1430.0
0.0,3053.4,3652.4,-1435.0
0.0,3052.4,3653.5,-1430.0
0.0,3053.0,3652.0,-1430.0
0.0,3048.8,3652.1,-1430.0
0.0,3047.7,3653.1,-1435.0
0.0,3046.7,3654.6,-1430.0
0.0,3051.1,3654.9,-1440.0
0.0,3053.8,3657.6,-1430.0
0.0,3054.5,3656.4,-1440.0
0.0,3053.6,3654.9,-1430.0
0.0,3051.2,3653.7,-1435.0
0.0,3050.7,3653.2,-1430.0
0.0,3048.3,3651.1,-1435.0
0.0,3050.2,3651.2,-1435.0
0.0,3051.6,3649.0,-1430.0
0.0,3051.5,3649.2,-1425.0
0.0,3053.3,3647.6,-1425.0
0.0,3054.3,3648.5,-1430.0
0.0,3054.7,3646.8,-1430.0
0.0,3053.8,3648.1,-1430.0
0.0,3054.9,3649.0,-1430.0
0.0,3053.9,3649.6,-1435.0
0.0,3053.6,3650.5,-1425.0
0.0,3053.0,3651.7,-1425.0
0.0,3053.0,3650.6,-1430.0
0.0,3051.9,3649.1,-1430.0
0.0,3051.2,3648.3,-1430.0
0.0,3052.1,3649.4,-1425.0
0.0,3051.7,3650.0,-1425.0
0.0,3053.2,3648.9,-1425.0
0.0,3053.0,3649.4,-1435.0
0.0,3054.7,3651.2,-1425.0
0.0,3055.2,3649.7,-1435.0
0.0,3053.9,3650.7,-1430.0
0.0,3054.9,3651.1,-1420.0
0.0,3054.9,3649.8,-1425.0
0.0,3055.1,3648.8,-1425.0
0.0,3052.8,3647.6,-1425.0
0.0,3054.5,3645.1,-1430.0
0.0,3052.7,3645.5,-1430.0
0.0,3053.1,3646.4,-1420.0
0.0,3051.3,3644.9,-1430.0
0.0,3051.3,3645.1,-1420.0
0.0,3051.6,3643.6,-1420.0
0.0,3048.8,3643.7,-1430.0
0.0,3050.0,3643.1,-1430.0
0.0,3049.8,3643.1,-1425.0
0.0,3049.2,3641.3,-1430.0
0.0,3048.9,3643.8,-1425.0
0.0,3049.0,3642.7,-1425.0
0.0,3047.7,3641.5,-1425.0
0.0,3048.2,3640.4,-1435.0
0.0,3048.6,3643.4,-1425.0
0.0,3048.4,3643.1,-1425.0
0.0,3047.4,3640.7,-1425.0
0.0,3049.6,3642.4,-1425.0
0.0,3049.5,3642.1,-1425.0
0.0,3049.9,3642.4,-1420.0
0.0,3049.2,3642.7,-1420.0
0.0,3050.5,3641.7,-1425.0
0.0,3050.6,3640.5,-1420.0
0.0,3052.0,3640.8,-1420.0
0.0,3051.1,3639.8,-1425.0
0.0,3051.9,3641.5,-1420.0
0.0,3052.4,3639.4,-1420.0
0.0,3052.6,3639.4,-1420.0
0.0,3052.5,3639.5,-1430.0
0.0,3051.7,3637.5,-1430.0
0.0,3053.5,3639.4,-1425.0
0.0,3053.4,3641.1,-1430.0
0.0,3052.1,3642.5,-1425.0
0.0,3050.4,3643.6,-1430.0
0.0,3052.2,3643.1,-1430.0
0.0,3051.0,3643.8,-1425.0
0.0,3052.7,3643.4,-1425.0
0.0,3051.0,3642.5,-1430.0
0.0,3052.1,3641.9,-1430.0
0.0,3052.7,3642.3,-1425.0
0.0,3053.3,3642.3,-1425.0
0.0,3052.6,3640.5,-1430.0
0.0,3053.6,3638.0,-1425.0
0.0,3054.7,3638.6,-1425.0
0.0,3054.3,3635.3,-1430.0
0.0,3055.3,3633.5,-1430.0
0.0,3054.8,3635.2,-1425.0
0.0,3054.1,3635.6,-1420.0
0.0,3052.6,3635.9,-1420.0
0.0,3052.2,3634.8,-1420.0
0.0,3052.5,3637.7,-1425.0
0.0,3051.6,3638.2,-1420.0
0.0,3049.1,3637.7,-1425.0
0.0,3045.4,3637.5,-1430.0
0.0,3048.3,3639.8,-1430.0
0.0,3048.3,3641.4,-1425.0
0.0,3049.9,3640.2,-1425.0
0.0,3051.9,3639.2,-1420.0
0.0,3052.9,3638.4,-1430.0
0.0,3051.2,3638.7,-1425.0
0.0,3051.4,3638.5,-1420.0
0.0,3050.6,3637.0,-1430.0
0.0,3049.5,3638.4,-1425.0
0.0,3048.2,3638.6,-1430.0
0.0,3046.7,3638.1,-1430.0
0.0,3049.1,3639.7,-1420.0
0.0,3050.1,3638.0,-1425.0
0.0,3050.4,3637.2,-1425.0
0.0,3050.9,3637.4,-1430.0
0.0,3051.1,3634.0,-1435.0
0.0,3050.7,3634.8,-1430.0
0.0,3050.1,3633.1,-1425.0
0.0,3049.8,3631.4,-1425.0
0.0,3048.4,3630.1,-1415.0
0.0,3048.1,3629.9,-1425.0
0.0,3047.7,3626.9,-1420.0
0.0,3046.2,3625.1,-1420.0
0.0,3048.0,3626.4,-1420.0
0.0,3049.9,3625.8,-1425.0
0.0,3050.0,3629.2,-1425.0
0.0,3048.4,3628.5,-1420.0
0.0,3049.7,3628.0,-1425.0
0.0,3048.5,3627.6,-1420.0
0.0,3046.1,3628.4,-1420.0
0.0,3043.6,3627.1,-1420.0
0.0,3043.9,3628.6,-1420.0
0.0,3044.6,3629.5,-1425.0
0.0,3046.5,3630.6,-1420.0
0.0,3048.6,3631.1,-1420.0
0.0,3048.9,3628.9,-1430.0
0.0,3050.9,3631.7,-1425.0
0.0,3050.1,3633.2,-1425.0
0.0,3047.8,3631.6,-1420.0
0.0,3049.7,3633.2,-1420.0
0.0,3047.6,3633.4,-1415.0
0.0,3047.1,3633.4,-1420.0
0.0,3044.8,3631.1,-1420.0
0.0,3043.1,3632.9,-1420.0
0.0,3041.5,3630.3,-1420.0
0.0,3041.0,3629.6,-1420.0
0.0,3043.0,3629.3,-1425.0
0.0,3043.9,3630.6,-1420.0
0.0,3042.6,3631.6,-1425.0
0.0,3043.9,3634.2,-1425.0
0.0,3043.9,3633.3,-1420.0
0.0,3045.0,3631.5,-1425.0
0.0,3045.8,3629.7,-1425.0
0.0,3047.5,3629.8,-1415.0
0.0,3047.2,3627.6,-1420.0
0.0,3046.6,3627.3,-1420.0
0.0,3044.7,3627.6,-1420.0
0.0,3046.8,3628.4,-1425.0
0.0,3045.5,3627.3,-1420.0
0.0,3046.1,3626.9,-1420.0
0.0,3047.4,3625.9,-1420.0
0.0,3046.5,3625.0,-1420.0
0.0,3046.3,3625.3,-1415.0
0.0,3046.1,3624.6,-1415.0
0.0,3045.8,3621.9,-1425.0
0.0,3047.6,3622.8,-1420.0
0.0,3046.2,3621.4,-1420.0
0.0,3047.0,3620.4,-1420.0
0.0,3046.9,3621.3,-1415.0
0.0,3047.1,3620.6,-1425.0
0.0,3047.3,3621.6,-1415.0
0.0,3047.2,3623.5,-1415.0
0.0,3049.3,3624.1,-1420.0
0.0,3048.1,3621.9,-1425.0
0.0,3048.3,3623.4,-1420.0
0.0,3048.2,3622.0,-1420.0
0.0,3047.9,3623.1,-1415.0
0.0,3049.3,3620.7,-1420.0
0.0,3047.8,3622.1,-1420.0
0.0,3046.6,3620.0,-1425.0
0.0,3047.0,3622.5,-1420.0
0.0,3047.1,3622.7,-1420.0
0.0,3046.6,3622.2,-1420.0
0.0,3048.0,3621.6,-1420.0
0.0,3046.6,3623.6,-1415.0
0.0,3048.1,3622.6,-1415.0
0.0,3047.7,3621.1,-1415.0
0.0,3047.7,3619.7,-1420.0
0.0,3046.8,3619.1,-1420.0
0.0,3047.5,3618.1,-1420.0
0.0,3045.7,3615.8,-1425.0
0.0,3045.8,3616.9,-1415.0
0.0,3045.9,3616.5,-1415.0
0.0,3047.0,3617.1,-1425.0
0.0,3047.9,3615.4,-1425.0
0.0,3046.4,3616.0,-1415.0
0.0,3043.7,3615.0,-1420.0
0.0,3042.9,3616.2,-1415.0
0.0,3042.3,3615.5,-1415.0
0.0,3041.1,3614.4,-1420.0
0.0,3042.6,3614.9,-1415.0
0.0,3043.2,3615.9,-1415.0
0.0,3044.3,3616.6,-1410.0
0.0,3044.5,3612.8,-1415.0
0.0,3044.2,3612.3,-1420.0
0.0,3043.3,3610.1,-1415.0
0.0,3043.0,3611.7,-1415.0
0.0,3042.5,3610.0,-1420.0
0.0,3041.8,3610.5,-1410.0
0.0,3041.7,3609.8,-1415.0
0.0,3041.4,3610.8,-1405.0
0.0,3042.3,3610.5,-1410.0
0.0,3042.3,3609.9,-1410.0
0.0,3041.0,3609.6,-1415.0
0.0,3040.7,3607.4,-1415.0
0.0,3042.0,3608.6,-1410.0
0.0,3041.3,3607.9,-1415.0
0.0,3041.5,3608.7,-1415.0
0.0,3042.2,3607.1,-1415.0
0.0,3043.5,3608.2,-1410.0
0.0,3042.3,3607.6,-1410.0
0.0,3043.9,3607.5,-1410.0
0.0,3044.5,3607.4,-1415.0
0.0,3045.0,3605.8,-1415.0
0.0,3047.2,3606.8,-1415.0
0.0,3047.0,3605.8,-1415.0
0.0,3047.5,3604.8,-1420.0
0.0,3046.9,3608.4,-1415.0
0.0,3043.2,3610.5,-1415.0
0.0,3039.6,3615.0,-1410.0
0.0,3037.6,3615.1,-1410.0
0.0,3042.3,3609.5,-1415.0
0.0,3044.7,3605.2,-1420.0
0.0,3047.3,3604.7,-1420.0
0.0,3046.1,3607.8,-1415.0
0.0,3046.0,3609.3,-1410.0
0.0,3047.3,3609.2,-1420.0
0.0,3048.3,3606.6,-1425.0
0.0,3047.4,3605.6,-1425.0
0.0,3047.1,3608.8,-1410.0
0.0,3047.0,3608.7,-1415.0
0.0,3046.8,3608.3,-1415.0
0.0,3046.2,3606.8,-1415.0
0.0,3044.5,3606.7,-1415.0
0.0,3044.6,3608.5,-1410.0
0.0,3041.5,3605.0,-1415.0
0.0,3040.9,3604.9,-1415.0
0.0,3041.7,3604.1,-1415.0
0.0,3043.6,3603.3,-1415.0
0.0,3042.4,3601.9,-1415.0
0.0,3046.3,3602.6,-1410.0
0.0,3047.3,3599.9,-1405.0
0.0,3046.9,3596.9,-1415.0
0.0,3046.9,3598.3,-1410.0
0.0,3047.5,3597.9,-1410.0
0.0,3046.3,3599.1,-1405.0
0.0,3044.8,3597.5,-1410.0
0.0,3044.8,3598.0,-1410.0
0.0,3045.6,3601.3,-1410.0
0.0,3042.2,3602.0,-1410.0
0.0,3042.5,3600.5,-1415.0
0.0,3040.9,3601.0,-1415.0
0.0,3039.6,3599.3,-1410.0
0.0,3040.8,3602.2,-1410.0
0.0,3043.3,3600.4,-1410.0
0.0,3043.2,3601.6,-1410.0
0.0,3043.5,3600.1,-1410.0
0.0,3043.7,3598.7,-1415.0
0.0,3042.9,3598.4,-1410.0
0.0,3042.8,3596.1,-1405.0
0.0,3041.6,3594.9,-1410.0
0.0,3043.1,3593.6,-1405.0
0.0,3042.8,3593.1,-1410.0
0.0,3043.0,3594.4,-1405.0
0.0,3042.8,3590.2,-1410.0
0.0,3042.0,3591.0,-1410.0
0.0,3044.3,3591.8,-1410.0
0.0,3045.4,3592.7,-1405.0
0.0,3043.7,3592.6,-1410.0
0.0,3045.3,3593.5,-1400.0
0.0,3042.5,3591.8,-1405.0
0.0,3044.7,3595.5,-1405.0
0.0,3042.4,3595.2,-1410.0
0.0,3042.2,3593.1,-1405.0
0.0,3042.6,3593.2,-1400.0
0.0,3039.7,3590.7,-1405.0
0.0,3041.8,3589.5,-1405.0
0.0,3040.7,3587.2,-1400.0
0.0,3040.0,3586.4,-1405.0
0.0,3041.7,3585.8,-1410.0
0.0,3042.9,3586.8,-1405.0
0.0,3043.3,3588.7,-1405.0
0.0,3045.0,3589.2,-1405.0
0.0,3042.9,3586.8,-1405.0
0.0,3044.6,3589.8,-1400.0
0.0,3044.7,3587.6,-1410.0
0.0,3044.8,3586.5,-1410.0
0.0,3044.7,3586.6,-1410.0
0.0,3046.4,3586.5,-1410.0
0.0,3045.6,3585.3,-1410.0
0.0,3046.9,3586.1,-1405.0
0.0,3044.4,3585.8,-1410.0
0.0,3044.9,3586.9,-1405.0
0.0,3044.1,3587.1,-1405.0
0.0,3047.1,3590.1,-1405.0
0.0,3045.9,3589.2,-1405.0
0.0,3045.3,3590.0,-1400.0
0.0,3044.0,3589.0,-1400.0
0.0,3043.2,3588.0,-1400.0
0.0,3043.0,3588.9,-1405.0
0.0,3042.8,3587.7,-1410.0
0.0,3042.4,3588.3,-1405.0
0.0,3042.3,3588.3,-1405.0
0.0,3041.7,3591.0,-1405.0
0.0,3040.3,3591.2,-1400.0
0.0,3040.4,3589.7,-1410.0
0.0,3041.6,3591.2,-1405.0
0.0,3041.0,3591.7,-1405.0
0.0,3041.6,3591.7,-1405.0
0.0,3043.1,3590.8,-1410.0
0.0,3042.2,3592.1,-1405.0
0.0,3044.6,3589.8,-1410.0
0.0,3043.2,3588.7,-1405.0
0.0,3044.2,3589.6,-1405.0
0.0,3044.5,3590.3,-1410.0
0.0,3045.5,3588.6,-1410.0
0.0,3043.9,3590.2,-1405.0
0.0,3041.7,3587.8,-1410.0
0.0,3040.8,3589.2,-1410.0
0.0,3039.1,3588.7,-1415.0
0.0,3041.4,3589.9,-1410.0
0.0,3041.1,3591.4,-1405.0
0.0,3042.4,3593.0,-1410.0
0.0,3044.5,3590.2,-1405.0
0.0,3044.0,3590.2,-1405.0
0.0,3044.8,3588.7,-1400.0
0.0,3041.9,3589.0,-1400.0
0.0,3042.6,3588.5,-1400.0
0.0,3041.6,3588.8,-1405.0
0.0,3040.4,3588.0,-1410.0
0.0,3040.8,3587.0,-1405.0
0.0,3041.3,3586.1,-1405.0
0.0,3040.7,3583.9,-1410.0
0.0,3042.1,3584.9,-1405.0
0.0,3040.8,3584.2,-1405.0
0.0,3041.0,3583.4,-1405.0
0.0,3040.3,3582.7,-1405.0
0.0,3040.5,3582.6,-1410.0
0.0,3040.1,3581.1,-1410.0
0.0,3038.3,3581.0,-1405.0
0.0,3039.4,3581.1,-1410.0
0.0,3040.5,3581.3,-1405.0
0.0,3041.5,3580.5,-1415.0
0.0,3040.7,3581.4,-1410.0
0.0,3040.2,3579.6,-1415.0
0.0,3039.8,3579.6,-1420.0
0.0,3040.0,3579.8,-1420.0
0.0,3034.7,3578.4,-1420.0
0.0,3036.1,3581.6,-1415.0
0.0,3037.6,3580.0,-1410.0
0.0,3041.9,3580.0,-1420.0
0.0,3042.1,3577.8,-1425.0
0.0,3045.6,3578.4,-1420.0
0.0,3046.3,3576.4,-1435.0
0.0,3045.8,3575.0,-1430.0
0.0,3046.0,3575.1,-1430.0
0.0,3044.6,3576.9,-1425.0
0.0,3045.3,3578.1,-1420.0
0.0,3044.7,3579.3,-1410.0
0.0,3043.4,3576.5,-1420.0
0.0,3042.6,3579.1,-1415.0
0.0,3044.6,3580.3,-1415.0
0.0,3042.0,3579.5,-1415.0
0.0,3041.8,3580.8,-1410.0
0.0,3042.2,3580.5,-1415.0
0.0,3041.1,3580.8,-1410.0
0.0,3041.6,3581.0,-1415.0
0.0,3041.3,3581.9,-1410.0
0.0,3043.3,3580.9,-1415.0
0.0,3041.2,3579.0,-1410.0
0.0,3041.6,3579.7,-1415.0
0.0,3041.0,3578.3,-1415.0
0.0,3042.2,3576.7,-1425.0
0.0,3039.9,3577.1,-1415.0
0.0,3040.0,3577.1,-1415.0
0.0,3040.5,3577.9,-1410.0
0.0,3042.1,3576.6,-1420.0
0.0,3039.6,3576.9,-1415.0
0.0,3038.7,3577.0,-1415.0
0.0,3040.8,3574.1,-1430.0
0.0,3039.7,3575.9,-1420.0
0.0,3039.7,3573.5,-1430.0
0.0,3040.1,3574.8,-1430.0
0.0,3041.5,3573.1,-1425.0
0.0,3038.0,3574.8,-1420.0
0.0,3038.0,3574.0,-1425.0
0.0,3037.0,3575.1,-1430.0
0.0,3037.8,3578.2,-1415.0
0.0,3039.1,3578.0,-1415.0
0.0,3040.3,3578.4,-1420.0
0.0,3038.7,3575.4,-1425.0
0.0,3040.5,3575.1,-1435.0
0.0,3041.8,3576.1,-1420.0
0.0,3041.5,3573.5,-1425.0
0.0,3038.9,3570.3,-1425.0
0.0,3041.0,3568.0,-1440.0
0.0,3041.6,3574.3,-1425.0
0.0,3040.0,3567.1,-1440.0
0.0,3038.0,3569.1,-1425.0
0.0,3039.3,3570.8,-1425.0
0.0,3037.6,3568.9,-1430.0
0.0,3037.7,3568.5,-1435.0
0.0,3037.1,3567.4,-1435.0
0.0,3036.2,3568.0,-1425.0
0.0,3037.3,3567.7,-1430.0
0.0,3039.2,3569.3,-1435.0
0.0,3038.2,3566.2,-1435.0
0.0,3038.1,3566.9,-1435.0
0.0,3039.1,3565.0,-1440.0
0.0,3038.8,3566.3,-1430.0
0.0,3038.4,3563.9,-1440.0
0.0,3039.0,3562.5,-1445.0
0.0,3038.6,3561.5,-1440.0
0.0,3039.2,3562.3,-1440.0
0.0,3039.1,3561.8,-1440.0
0.0,3038.4,3561.6,-1435.0
0.0,3039.3,3562.9,-1435.0
0.0,3039.4,3563.5,-1435.0
0.0,3040.9,3563.0,-1445.0
0.0,3038.0,3561.4,-1440.0
0.0,3040.0,3560.3,-1440.0
0.0,3037.8,3561.7,-1435.0
0.0,3040.1,3561.2,-1440.0
0.0,3039.5,3563.1,-1435.0
0.0,3038.4,3563.1,-1435.0
0.0,3039.2,3562.5,-1430.0
0.0,3039.1,3563.4,-1435.0
0.0,3037.0,3560.8,-1430.0
0.0,3039.5,3559.9,-1435.0
0.0,3039.1,3559.8,-1440.0
0.0,3039.3,3559.9,-1440.0
0.0,3038.1,3559.0,-1440.0
0.0,3037.6,3559.0,-1430.0
0.0,3040.0,3559.7,-1435.0
0.0,3038.6,3561.7,-1430.0
0.0,3037.3,3558.1,-1435.0
0.0,3038.1,3558.3,-1435.0
0.0,3039.7,3558.5,-1430.0
0.0,3039.1,3556.7,-1435.0
0.0,3038.0,3556.7,-1430.0
0.0,3035.3,3555.4,-1430.0
0.0,3037.3,3555.1,-1435.0
0.0,3036.5,3554.6,-1435.0
0.0,3037.2,3554.2,-1440.0
0.0,3040.2,3554.6,-1435.0
0.0,3042.1,3557.6,-1440.0
0.0,3042.9,3559.0,-1440.0
0.0,3040.5,3558.5,-1435.0
0.0,3041.7,3560.1,-1435.0
0.0,3041.2,3560.9,-1430.0
0.0,3038.4,3559.9,-1435.0
0.0,3038.0,3562.2,-1440.0
0.0,3036.5,3565.3,-1430.0
0.0,3035.7,3567.1,-1420.0
0.0,3037.5,3567.3,-1425.0
0.0,3038.4,3563.8,-1445.0
0.0,3036.9,3562.5,-1440.0
0.0,3038.5,3562.5,-1445.0
0.0,3036.6,3561.5,-1435.0
0.0,3035.9,3562.9,-1435.0
0.0,3035.2,3562.3,-1435.0
0.0,3036.4,3562.5,-1425.0
0.0,3034.6,3559.9,-1435.0
0.0,3036.2,3558.7,-1435.0
0.0,3035.1,3559.5,-1430.0
0.0,3035.7,3559.3,-1430.0
0.0,3034.9,3559.9,-1435.0
0.0,3034.8,3563.3,-1435.0
0.0,3034.6,3562.0,-1435.0
0.0,3035.8,3562.8,-1430.0
0.0,3034.8,3562.2,-1435.0
0.0,3033.6,3560.7,-1440.0
0.0,3033.9,3560.4,-1430.0
0.0,3035.0,3560.9,-1435.0
0.0,3034.2,3559.6,-1435.0
0.0,3033.0,3559.5,-1435.0
0.0,3031.6,3560.8,-1435.0
0.0,3028.2,3559.3,-1445.0
0.0,3030.7,3560.6,-1440.0
0.0,3030.8,3561.1,-1440.0
0.0,3033.3,3559.9,-1430.0
0.0,3031.8,3559.5,-1435.0
0.0,3032.6,3558.6,-1435.0
0.0,3031.5,3558.4,-1440.0
0.0,3032.5,3558.1,-1430.0
0.0,3036.2,3558.8,-1430.0
0.0,3036.5,3556.6,-1440.0
0.0,3037.0,3557.8,-1430.0
0.0,3036.6,3555.4,-1430.0
0.0,3036.5,3553.5,-1425.0
0.0,3037.6,3554.6,-1430.0
0.0,3037.8,3554.7,-1425.0
0.0,3038.4,3551.5,-1430.0
0.0,3039.2,3553.2,-1435.0
0.0,3041.3,3553.7,-1435.0
0.0,3041.2,3553.1,-1430.0
0.0,3039.8,3554.5,-1430.0
0.0,3036.6,3554.4,-1430.0
0.0,3035.9,3551.6,-1440.0
0.0,3039.2,3552.8,-1430.0
0.0,3038.2,3552.0,-1430.0
0.0,3041.5,3551.9,-1430.0
0.0,3040.5,3552.9,-1425.0
0.0,3039.8,3550.7,-1435.0
0.0,3039.0,3549.5,-1435.0
0.0,3039.5,3552.0,-1435.0
0.0,3039.9,3550.5,-1430.0
0.0,3040.3,3551.5,-1425.0
0.0,3038.4,3550.4,-1435.0
0.0,3038.8,3554.0,-1430.0
0.0,3036.6,3553.1,-1430.0
0.0,3037.2,3554.3,-1430.0
0.0,3036.6,3553.6,-1435.0
0.0,3037.2,3556.9,-1425.0
0.0,3036.3,3552.9,-1430.0
0.0,3035.1,3550.7,-1435.0
0.0,3035.5,3551.1,-1430.0
0.0,3034.8,3552.1,-1430.0
0.0,3035.1,3551.3,-1430.0
0.0,3036.2,3551.1,-1425.0
0.0,3034.4,3551.7,-1430.0
0.0,3035.4,3549.9,-1430.0
0.0,3035.7,3547.4,-1430.0
0.0,3035.7,3549.3,-1435.0
0.0,3034.4,3549.2,-1425.0
0.0,3035.7,3547.2,-1435.0
0.0,3035.9,3546.6,-1435.0
0.0,3035.0,3545.9,-1430.0
0.0,3036.5,3546.4,-1430.0
0.0,3034.7,3547.1,-1425.0
0.0,3035.4,3544.6,-1430.0
0.0,3036.0,3544.9,-1435.0
0.0,3036.2,3545.0,-1430.0
0.0,3033.9,3543.9,-1425.0
0.0,3034.2,3544.0,-1430.0
0.0,3035.2,3544.5,-1425.0
0.0,3034.4,3543.7,-1420.0
0.0,3034.8,3543.1,-1425.0
0.0,3033.8,3543.8,-1425.0
0.0,3032.9,3543.5,-1425.0
0.0,3034.4,3543.8,-1420.0
0.0,3033.4,3541.9,-1425.0
0.0,3033.8,3541.5,-1425.0
0.0,3034.2,3541.1,-1430.0
0.0,3034.2,3542.0,-1425.0
0.0,3035.6,3541.5,-1430.0
0.0,3034.9,3540.6,-1430.0
0.0,3035.2,3539.7,-1425.0
0.0,3035.5,3539.4,-1430.0
0.0,3035.7,3541.4,-1425.0
0.0,3035.2,3539.4,-1425.0
0.0,3035.8,3540.6,-1425.0
0.0,3035.7,3538.3,-1425.0
0.0,3037.0,3539.0,-1430.0
0.0,3037.1,3541.1,-1425.0
0.0,3036.4,3537.4,-1430.0
0.0,3035.2,3538.5,-1430.0
0.0,3034.7,3539.9,-1420.0
0.0,3036.9,3538.4,-1425.0
0.0,3036.5,3539.8,-1425.0
0.0,3035.6,3537.2,-1430.0
0.0,3035.2,3538.0,-1425.0
0.0,3034.3,3537.7,-1430.0
0.0,3034.0,3538.0,-1435.0
0.0,3031.8,3537.9,-1425.0
0.0,3034.0,3537.6,-1430.0
0.0,3032.9,3539.6,-1430.0
0.0,3032.9,3539.5,-1415.0
0.0,3032.8,3538.4,-1425.0
0.0,3032.9,3537.3,-1425.0
0.0,3032.9,3538.3,-1425.0
0.0,3032.9,3536.4,-1430.0
0.0,3032.7,3537.0,-1420.0
0.0,3031.5,3536.3,-1425.0
0.0,3030.9,3535.8,-1430.0
0.0,3029.7,3537.7,-1425.0
0.0,3029.4,3536.8,-1425.0
0.0,3029.6,3538.7,-1425.0
0.0,3030.1,3537.6,-1425.0
0.0,3031.3,3538.3,-1425.0
0.0,3031.3,3537.3,-1430.0
0.0,3032.5,3537.5,-1420.0
0.0,3031.7,3535.0,-1425.0
0.0,3031.5,3537.4,-1420.0
0.0,3033.2,3537.3,-1420.0
0.0,3033.3,3535.8,-1420.0
0.0,3034.3,3534.0,-1425.0
0.0,3033.2,3532.8,-1420.0
0.0,3033.5,3532.9,-1425.0
0.0,3033.5,3531.4,-1420.0
0.0,3032.1,3532.1,-1425.0
0.0,3030.9,3529.8,-1420.0
0.0,3030.2,3530.0,-1420.0
0.0,3029.9,3530.6,-1425.0
0.0,3028.5,3530.0,-1420.0
0.0,3029.7,3530.8,-1420.0
0.0,3029.7,3529.5,-1425.0
0.0,3030.7,3528.1,-1425.0
0.0,3033.8,3526.4,-1425.0
0.0,3035.4,3523.5,-1425.0
0.0,3034.5,3523.2,-1430.0
0.0,3035.5,3522.3,-1420.0
0.0,3033.7,3521.6,-1425.0
0.0,3032.4,3522.4,-1420.0
0.0,3030.8,3521.9,-1425.0
0.0,3029.5,3524.5,-1425.0
0.0,3030.3,3527.1,-1430.0
0.0,3030.5,3530.1,-1425.0
0.0,3032.9,3530.6,-1425.0
0.0,3030.5,3532.5,-1425.0
0.0,3030.6,3532.7,-1420.0
0.0,3031.2,3531.8,-1420.0
0.0,3028.3,3532.6,-1415.0
0.0,3018.6,3532.8,-1435.0
0.0,3016.9,3534.5,-1435.0
0.0,3021.8,3532.4,-1435.0
0.0,3028.9,3531.6,-1435.0
0.0,3030.4,3530.4,-1430.0
0.0,3028.7,3530.8,-1425.0
0.0,3030.2,3528.4,-1430.0
0.0,3032.8,3524.9,-1420.0
0.0,3034.1,3522.8,-1425.0
0.0,3034.5,3524.5,-1420.0
0.0,3032.8,3525.5,-1415.0
0.0,3030.0,3525.4,-1420.0
0.0,3033.4,3525.2,-1420.0
0.0,3033.0,3524.3,-1425.0
0.0,3031.9,3524.8,-1425.0
0.0,3030.8,3527.9,-1415.0
0.0,3030.5,3530.3,-1420.0
0.0,3028.5,3532.8,-1425.0
0.0,3028.9,3537.5,-1425.0
0.0,3027.2,3537.3,-1435.0
0.0,3028.2,3539.4,-1430.0
0.0,3028.2,3537.8,-1430.0
0.0,3029.1,3535.1,-1430.0
0.0,3029.9,3533.0,-1420.0
0.0,3030.3,3529.9,-1420.0
0.0,3027.6,3528.7,-1420.0
0.0,3029.6,3527.8,-1420.0
0.0,3028.2,3527.8,-1420.0
0.0,3026.9,3527.6,-1420.0
0.0,3026.2,3528.2,-1420.0
0.0,3027.1,3528.2,-1420.0
0.0,3026.4,3526.8,-1420.0
0.0,3028.0,3527.1,-1420.0
0.0,3028.3,3529.5,-1420.0
0.0,3026.7,3530.1,-1415.0
0.0,3026.9,3531.8,-1420.0
0.0,3028.1,3529.5,-1420.0
0.0,3028.2,3529.5,-1420.0
0.0,3028.9,3528.8,-1415.0
0.0,3025.2,3530.9,-1420.0
0.0,3020.2,3530.2,-1425.0
0.0,3019.7,3529.1,-1430.0
0.0,3026.9,3528.5,-1415.0
0.0,3030.5,3524.4,-1415.0
0.0,3028.8,3523.5,-1415.0
0.0,3027.7,3519.7,-1420.0
0.0,3030.2,3518.8,-1425.0
0.0,3031.7,3514.4,-1420.0
0.0,3033.0,3514.5,-1415.0
0.0,3033.6,3513.9,-1415.0
0.0,3033.2,3512.9,-1420.0
0.0,3032.7,3512.3,-1420.0
0.0,3032.5,3512.3,-1415.0
0.0,3032.4,3512.4,-1420.0
0.0,3032.6,3514.8,-1410.0
0.0,3032.6,3513.9,-1415.0
0.0,3031.1,3513.3,-1415.0
0.0,3030.5,3516.3,-1410.0
0.0,3027.3,3514.5,-1415.0
0.0,3027.5,3516.0,-1415.0
0.0,3027.3,3517.2,-1420.0
0.0,3026.9,3519.9,-1415.0
0.0,3024.3,3521.1,-1425.0
0.0,3023.4,3525.3,-1430.0
0.0,3026.2,3527.1,-1420.0
0.0,3024.9,3526.9,-1420.0
0.0,3025.8,3524.4,-1425.0
0.0,3028.8,3520.3,-1420.0
0.0,3028.3,3517.6,-1420.0
0.0,3029.3,3516.9,-1425.0
0.0,3030.8,3518.9,-1415.0
0.0,3027.9,3519.7,-1425.0
0.0,3028.6,3521.0,-1420.0
0.0,3030.7,3518.5,-1410.0
0.0,3029.0,3518.6,-1420.0
0.0,3027.1,3515.3,-1415.0
0.0,3025.9,3517.7,-1410.0
0.0,3025.6,3519.5,-1415.0
0.0,3026.1,3522.5,-1415.0
0.0,3028.3,3522.5,-1425.0
0.0,3031.0,3521.8,-1425.0
0.0,3031.4,3520.5,-1420.0
0.0,3032.4,3516.8,-1415.0
0.0,3032.1,3514.0,-1420.0
0.0,3031.7,3513.2,-1420.0
0.0,3031.3,3512.5,-1410.0
0.0,3030.2,3511.9,-1415.0
0.0,3030.4,3514.1,-1425.0
0.0,3030.0,3516.5,-1415.0
0.0,3031.4,3516.9,-1420.0
0.0,3030.1,3516.9,-1425.0
0.0,3029.9,3516.7,-1415.0
0.0,3030.2,3516.1,-1415.0
0.0,3029.6,3516.2,-1415.0
0.0,3029.7,3515.1,-1425.0
0.0,3031.2,3516.1,-1415.0
0.0,3030.8,3512.7,-1420.0
0.0,3030.9,3513.7,-1420.0
0.0,3032.1,3512.0,-1415.0
0.0,3032.4,3511.7,-1420.0
0.0,3031.7,3511.1,-1415.0
0.0,3032.3,3510.3,-1420.0
0.0,3031.1,3509.6,-1420.0
0.0,3030.2,3511.3,-1420.0
0.0,3029.0,3511.0,-1415.0
0.0,3027.0,3509.9,-1415.0
0.0,3026.0,3511.0,-1425.0
0.0,3025.9,3512.9,-1425.0
0.0,3025.9,3513.4,-1420.0
0.0,3026.7,3516.7,-1415.0
0.0,3026.1,3517.0,-1420.0
0.0,3026.3,3513.4,-1420.0
0.0,3029.1,3514.3,-1415.0
0.0,3029.4,3512.1,-1410.0
0.0,3028.4,3513.1,-1410.0
0.0,3028.0,3512.4,-1415.0
0.0,3028.4,3509.0,-1415.0
0.0,3028.8,3507.2,-1420.0
0.0,3029.6,3505.0,-1415.0
0.0,3033.3,3503.5,-1410.0
0.0,3033.8,3502.6,-1410.0
0.0,3033.0,3499.3,-1420.0
0.0,3032.6,3500.4,-1415.0
0.0,3032.7,3499.9,-1420.0
0.0,3031.7,3498.6,-1420.0
0.0,3031.7,3500.4,-1415.0
0.0,3030.3,3502.6,-1405.0
0.0,3030.2,3502.1,-1415.0
0.0,3028.1,3502.6,-1410.0
0.0,3029.2,3504.5,-1410.0
0.0,3030.3,3506.8,-1410.0
0.0,3030.9,3503.9,-1415.0
0.0,3030.8,3508.1,-1405.0
0.0,3029.7,3505.3,-1405.0
0.0,3030.1,3504.0,-1405.0
0.0,3029.8,3501.7,-1405.0
0.0,3028.5,3499.3,-1415.0
0.0,3029.0,3497.7,-1410.0
0.0,3032.1,3495.2,-1415.0
0.0,3029.5,3493.4,-1410.0
0.0,3030.0,3492.2,-1415.0
0.0,3030.6,3493.9,-1410.0
0.0,3027.4,3495.7,-1410.0
0.0,3027.0,3497.4,-1410.0
0.0,3027.8,3501.2,-1415.0
0.0,3024.5,3505.8,-1410.0
0.0,3023.5,3508.6,-1415.0
0.0,3034.4,3507.1,-1420.0
0.0,3036.7,3507.3,-1420.0
0.0,3033.9,3505.7,-1420.0
0.0,3033.9,3503.8,-1415.0
0.0,3037.2,3502.7,-1420.0
0.0,3037.5,3504.0,-1425.0
0.0,3038.3,3504.5,-1420.0
0.0,3036.8,3502.5,-1420.0
0.0,3035.8,3506.6,-1415.0
0.0,3038.0,3505.5,-1415.0
0.0,3035.5,3500.9,-1420.0
0.0,3035.4,3500.1,-1415.0
0.0,3034.7,3498.9,-1415.0
0.0,3031.7,3499.6,-1415.0
0.0,3031.8,3498.4,-1410.0
0.0,3030.5,3496.9,-1415.0
0.0,3030.2,3495.0,-1415.0
0.0,3033.2,3494.7,-1410.0
0.0,3032.1,3496.8,-1410.0
0.0,3033.7,3499.8,-1415.0
0.0,3033.6,3498.3,-1410.0
0.0,3034.9,3496.5,-1410.0
0.0,3034.0,3498.1,-1415.0
0.0,3033.3,3495.7,-1410.0
0.0,3030.9,3493.6,-1410.0
0.0,3030.1,3494.4,-1405.0
0.0,3030.1,3493.9,-1405.0
0.0,3030.6,3493.1,-1400.0
0.0,3028.9,3492.0,-1405.0
0.0,3029.4,3492.6,-1405.0
0.0,3029.0,3491.0,-1400.0
0.0,3027.9,3491.7,-1405.0
0.0,3027.8,3490.3,-1405.0
0.0,3025.9,3489.5,-1410.0
0.0,3026.4,3488.3,-1415.0
0.0,3026.9,3487.0,-1415.0
0.0,3026.9,3487.6,-1405.0
0.0,3027.0,3487.5,-1410.0
0.0,3027.2,3488.7,-1405.0
0.0,3027.5,3488.0,-1405.0
0.0,3028.0,3490.7,-1405.0
0.0,3025.8,3488.4,-1410.0
0.0,3026.2,3489.5,-1410.0
0.0,3027.4,3488.9,-1410.0
0.0,3026.5,3487.3,-1415.0
0.0,3026.6,3488.7,-1415.0
0.0,3025.5,3487.7,-1410.0
0.0,3024.1,3487.9,-1415.0
0.0,3023.5,3487.7,-1415.0
0.0,3025.4,3486.2,-1420.0
0.0,3022.3,3487.7,-1425.0
0.0,3021.3,3487.4,-1420.0
0.0,3022.8,3487.8,-1420.0
0.0,3020.6,3484.5,-1430.0
0.0,3022.2,3488.2,-1410.0
0.0,3022.5,3485.0,-1420.0
0.0,3022.6,3486.0,-1415.0
0.0,3021.7,3484.2,-1420.0
0.0,3023.7,3484.2,-1415.0
0.0,3024.3,3482.5,-1415.0
0.0,3024.9,3480.1,-1425.0
0.0,3025.4,3479.3,-1430.0
0.0,3023.7,3480.4,-1425.0
0.0,3025.0,3481.0,-1415.0
0.0,3022.8,3478.6,-1430.0
0.0,3024.6,3482.6,-1415.0
0.0,3024.5,3481.8,-1420.0
0.0,3025.2,3482.5,-1415.0
0.0,3025.4,3483.7,-1415.0
0.0,3024.2,3484.0,-1420.0
0.0,3026.6,3484.4,-1410.0
0.0,3026.7,3486.1,-1415.0
0.0,3026.5,3486.1,-1405.0
0.0,3026.0,3486.1,-1415.0
0.0,3025.0,3489.7,-1405.0
0.0,3025.5,3492.9,-1400.0
0.0,3024.1,3491.9,-1410.0
0.0,3026.2,3490.3,-1410.0
0.0,3025.1,3491.2,-1405.0
0.0,3028.6,3490.3,-1400.0
0.0,3026.3,3491.9,-1395.0
0.0,3025.5,3486.4,-1405.0
0.0,3026.9,3485.5,-1405.0
0.0,3024.9,3483.5,-1420.0
0.0,3026.0,3484.9,-1410.0
0.0,3027.3,3483.4,-1410.0
0.0,3029.2,3482.6,-1410.0
0.0,3030.2,3483.0,-1400.0
0.0,3029.6,3481.8,-1400.0
0.0,3028.4,3481.1,-1410.0
0.0,3026.3,3482.6,-1410.0
0.0,3025.0,3483.6,-1415.0
0.0,3026.8,3483.1,-1415.0
0.0,3027.9,3483.8,-1415.0
0.0,3026.2,3485.7,-1410.0
0.0,3025.2,3485.6,-1415.0
0.0,3024.7,3483.5,-1420.0
0.0,3023.9,3486.9,-1410.0
0.0,3020.4,3486.7,-1415.0
0.0,3018.1,3487.9,-1420.0
0.0,3019.5,3486.4,-1420.0
0.0,3023.0,3484.6,-1420.0
0.0,3023.4,3485.0,-1420.0
0.0,3021.6,3484.5,-1420.0
0.0,3020.6,3485.8,-1420.0
0.0,3022.6,3485.2,-1420.0
0.0,3022.7,3483.7,-1420.0
0.0,3022.6,3480.9,-1425.0
0.0,3022.9,3484.6,-1425.0
0.0,3022.7,3484.6,-1415.0
0.0,3020.8,3485.3,-1420.0
0.0,3022.9,3483.9,-1425.0
0.0,3022.5,3480.6,-1435.0
0.0,3024.0,3480.9,-1425.0
0.0,3025.1,3481.7,-1425.0
0.0,3026.7,3480.6,-1425.0
0.0,3025.8,3482.8,-1420.0
0.0,3026.0,3482.3,-1415.0
0.0,3022.4,3483.3,-1425.0
0.0,3021.5,3487.0,-1420.0
0.0,3021.7,3487.4,-1415.0
0.0,3020.9,3485.6,-1425.0
0.0,3023.7,3482.8,-1425.0
0.0,3024.6,3479.9,-1425.0
0.0,3026.5,3470.8,-1445.0
0.0,3029.9,3468.6,-1430.0
0.0,3026.2,3460.5,-1445.0
0.0,3028.2,3455.5,-1450.0
0.0,3030.4,3456.7,-1440.0
0.0,3028.3,3455.1,-1445.0
0.0,3027.5,3456.0,-1450.0
0.0,3025.4,3458.8,-1450.0
0.0,3026.0,3458.6,-1450.0
0.0,3023.9,3462.3,-1445.0
0.0,3023.0,3461.1,-1445.0
0.0,3024.5,3460.8,-1445.0
0.0,3022.8,3460.0,-1450.0
0.0,3023.0,3462.6,-1445.0
0.0,3021.4,3461.8,-1455.0
0.0,3021.6,3463.9,-1450.0
0.0,3020.4,3464.2,-1450.0
0.0,3021.5,3461.2,-1455.0
0.0,3022.1,3461.1,-1455.0
0.0,3022.5,3459.9,-1455.0
0.0,3022.9,3460.4,-1450.0
0.0,3022.7,3458.4,-1455.0
0.0,3023.1,3460.7,-1440.0
0.0,3022.8,3460.0,-1445.0
0.0,3021.5,3459.4,-1450.0
0.0,3022.4,3459.8,-1450.0
0.0,3021.6,3459.8,-1455.0
0.0,3022.8,3458.1,-1465.0
0.0,3023.9,3458.5,-1455.0
0.0,3023.2,3457.7,-1450.0
0.0,3022.9,3460.0,-1445.0
0.0,3022.1,3460.9,-1450.0
0.0,3015.3,3465.4,-1455.0
0.0,3010.2,3468.7,-1460.0
0.0,3013.2,3470.3,-1455.0
0.0,3017.7,3466.9,-1455.0
0.0,3018.5,3462.6,-1460.0
0.0,3022.8,3454.1,-1455.0
0.0,3021.7,3448.1,-1465.0
0.0,3022.2,3450.4,-1465.0
0.0,3021.8,3451.7,-1460.0
0.0,3023.4,3455.6,-1460.0
0.0,3025.0,3460.1,-1450.0
0.0,3028.6,3468.1,-1435.0
0.0,3026.1,3462.8,-1440.0
0.0,3024.8,3463.3,-1440.0
0.0,3025.3,3462.6,-1435.0
0.0,3022.7,3461.8,-1440.0
0.0,3022.3,3460.0,-1450.0
0.0,3023.5,3461.4,-1440.0
0.0,3022.3,3459.5,-1450.0
0.0,3022.3,3459.5,-1450.0
0.0,3021.6,3457.6,-1450.0
0.0,3019.5,3458.7,-1450.0
0.0,3016.2,3459.5,-1455.0
0.0,3015.3,3459.9,-1460.0
0.0,3019.8,3462.9,-1450.0
0.0,3020.2,3461.9,-1455.0
0.0,3021.5,3461.8,-1455.0
0.0,3020.0,3457.0,-1460.0
0.0,3020.9,3458.1,-1445.0
0.0,3020.4,3455.7,-1460.0
0.0,3021.7,3456.0,-1450.0
0.0,3019.2,3454.6,-1460.0
0.0,3018.1,3452.9,-1465.0
0.0,3018.2,3452.9,-1455.0
0.0,3016.1,3453.3,-1460.0
0.0,3016.2,3453.3,-1460.0
0.0,3017.9,3452.9,-1450.0
0.0,3017.7,3452.3,-1455.0
0.0,3017.5,3455.7,-1455.0
0.0,3019.4,3453.8,-1460.0
0.0,3018.0,3454.2,-1460.0
0.0,3017.8,3452.4,-1460.0
0.0,3017.9,3453.6,-1455.0
0.0,3016.7,3452.3,-1455.0
0.0,3016.9,3453.2,-1455.0
0.0,3017.1,3453.7,-1455.0
0.0,3017.6,3453.5,-1450.0
0.0,3015.0,3455.4,-1450.0
0.0,3012.3,3454.5,-1450.0
0.0,3011.8,3455.3,-1455.0
0.0,3013.5,3455.8,-1460.0
0.0,3016.6,3452.8,-1455.0
0.0,3018.9,3452.1,-1455.0
0.0,3019.0,3449.5,-1460.0
0.0,3019.5,3449.1,-1460.0
0.0,3019.1,3450.4,-1450.0
0.0,3019.7,3448.5,-1450.0
0.0,3019.4,3448.4,-1450.0
0.0,3021.3,3448.8,-1455.0
0.0,3017.6,3450.4,-1450.0
0.0,3018.5,3450.0,-1455.0
0.0,3016.4,3447.9,-1450.0
0.0,3013.1,3448.6,-1455.0
0.0,3015.5,3447.9,-1460.0
0.0,3019.6,3446.1,-1450.0
0.0,3018.7,3447.0,-1450.0
0.0,3018.3,3445.1,-1445.0
0.0,3016.8,3442.8,-1450.0
0.0,3017.9,3443.5,-1450.0
0.0,3016.7,3444.4,-1455.0
0.0,3017.7,3444.7,-1450.0
0.0,3017.4,3442.8,-1455.0
0.0,3015.5,3443.2,-1450.0
0.0,3017.2,3443.1,-1450.0
0.0,3016.0,3444.9,-1440.0
0.0,3016.9,3442.3,-1450.0
0.0,3014.1,3444.0,-1450.0
0.0,3013.5,3443.1,-1455.0
0.0,3014.2,3444.6,-1455.0
0.0,3014.9,3446.0,-1450.0
0.0,3012.5,3447.4,-1450.0
0.0,3012.8,3448.3,-1450.0
0.0,3013.0,3449.4,-1450.0
0.0,3011.1,3452.2,-1455.0
0.0,3011.3,3452.1,-1455.0
0.0,3012.0,3452.3,-1455.0
0.0,3012.5,3452.1,-1450.0
0.0,3013.1,3448.8,-1460.0
0.0,3013.0,3448.2,-1455.0
0.0,3016.5,3445.8,-1455.0
0.0,3020.9,3443.1,-1450.0
0.0,3022.5,3440.7,-1450.0
0.0,3020.2,3439.4,-1445.0
0.0,3020.7,3436.7,-1450.0
0.0,3020.1,3435.3,-1445.0
0.0,3019.4,3436.0,-1440.0
0.0,3018.7,3432.5,-1455.0
0.0,3017.9,3434.9,-1445.0
0.0,3016.7,3435.6,-1440.0
0.0,3016.5,3437.7,-1450.0
0.0,3014.7,3439.3,-1450.0
0.0,3014.9,3439.8,-1450.0
0.0,3017.8,3441.1,-1450.0
0.0,3016.5,3440.2,-1455.0
0.0,3014.6,3439.7,-1450.0
0.0,3012.4,3438.8,-1450.0
0.0,3011.4,3439.2,-1445.0
0.0,3011.6,3437.8,-1440.0
0.0,3012.8,3434.8,-1435.0
0.0,3013.8,3431.5,-1455.0
0.0,3013.7,3430.5,-1450.0
0.0,3014.0,3429.1,-1455.0
0.0,3013.7,3428.4,-1450.0
0.0,3013.5,3431.0,-1445.0
0.0,3013.2,3429.3,-1450.0
0.0,3012.1,3430.9,-1445.0
0.0,3011.9,3433.1,-1440.0
0.0,3011.7,3431.2,-1445.0
0.0,3012.4,3431.0,-1445.0
0.0,3012.1,3431.4,-1445.0
0.0,3011.4,3431.4,-1445.0
0.0,3011.2,3431.7,-1440.0
0.0,3010.2,3430.4,-1450.0
0.0,3010.6,3431.8,-1450.0
0.0,3010.0,3431.3,-1455.0
0.0,3010.9,3432.2,-1450.0
0.0,3010.3,3434.4,-1450.0
0.0,3012.4,3434.7,-1440.0
0.0,3011.9,3432.9,-1445.0
0.0,3011.3,3432.3,-1445.0
0.0,3011.7,3431.3,-1445.0
0.0,3009.4,3429.6,-1445.0
0.0,3009.9,3429.4,-1440.0
0.0,3009.2,3428.2,-1440.0
0.0,3007.9,3425.2,-1445.0
0.0,3008.8,3425.6,-1445.0
0.0,3010.1,3426.0,-1445.0
0.0,3009.9,3425.4,-1440.0
0.0,3009.1,3425.6,-1445.0
0.0,3010.7,3426.0,-1440.0
0.0,3010.3,3429.4,-1435.0
0.0,3008.6,3428.6,-1440.0
0.0,3011.4,3427.9,-1445.0
0.0,3011.7,3429.3,-1440.0
0.0,3010.7,3427.4,-1440.0
0.0,3010.8,3427.2,-1445.0
0.0,3008.7,3425.6,-1440.0
0.0,3010.1,3427.9,-1440.0
0.0,3010.7,3426.9,-1445.0
0.0,3010.5,3427.8,-1445.0
0.0,3011.9,3427.1,-1445.0
0.0,3014.5,3428.7,-1445.0
0.0,3011.9,3426.0,-1435.0
0.0,3013.1,3425.1,-1440.0
0.0,3012.9,3424.0,-1435.0
0.0,3011.6,3424.5,-1430.0
0.0,3011.5,3423.6,-1435.0
0.0,3012.3,3422.5,-1440.0
0.0,3014.5,3422.0,-1450.0
0.0,3012.2,3424.8,-1440.0
0.0,3012.4,3427.6,-1440.0
0.0,3009.8,3426.3,-1445.0
0.0,3011.4,3427.7,-1445.0
0.0,3012.3,3429.2,-1440.0
0.0,3013.8,3428.1,-1440.0
0.0,3011.6,3428.3,-1445.0
0.0,3013.5,3426.9,-1435.0
0.0,3012.6,3426.5,-1445.0
0.0,3013.2,3425.0,-1445.0
0.0,3012.0,3423.9,-1450.0
0.0,3011.2,3422.9,-1445.0
0.0,3011.0,3422.0,-1440.0
0.0,3011.1,3423.6,-1440.0
0.0,3008.4,3423.8,-1445.0
0.0,3006.4,3420.9,-1445.0
0.0,3008.6,3422.9,-1440.0
0.0,3006.0,3424.0,-1440.0
0.0,3009.2,3421.7,-1445.0
0.0,3008.8,3423.2,-1445.0
0.0,3007.8,3421.7,-1440.0
0.0,3010.7,3422.3,-1440.0
0.0,3008.9,3420.9,-1445.0
0.0,3010.4,3422.3,-1440.0
0.0,3009.0,3421.0,-1440.0
0.0,3010.0,3422.4,-1440.0
0.0,3008.3,3421.8,-1440.0
0.0,3010.4,3420.5,-1440.0
0.0,3007.3,3420.1,-1445.0
0.0,3007.7,3421.6,-1440.0
0.0,3007.7,3422.5,-1440.0
0.0,3007.6,3421.5,-1445.0
0.0,3009.5,3423.1,-1440.0
0.0,3007.3,3421.8,-1440.0
0.0,3008.4,3421.6,-1435.0
0.0,3008.5,3420.7,-1440.0
0.0,3007.5,3421.2,-1440.0
0.0,3009.7,3420.5,-1435.0
0.0,3010.3,3419.5,-1440.0
0.0,3013.2,3416.6,-1440.0
0.0,3012.7,3417.1,-1440.0
0.0,3014.0,3415.1,-1435.0
0.0,3013.7,3415.6,-1435.0
0.0,3015.0,3417.7,-1430.0
0.0,3011.2,3417.8,-1445.0
0.0,3011.6,3418.6,-1435.0
0.0,3012.9,3419.0,-1435.0
0.0,3011.1,3416.5,-1440.0
0.0,3012.0,3416.0,-1445.0
0.0,3018.2,3416.5,-1435.0
0.0,3025.1,3416.3,-1425.0
0.0,3020.0,3414.7,-1435.0
0.0,3016.8,3414.1,-1440.0
0.0,3001.0,3417.3,-1440.0
0.0,3009.6,3411.3,-1445.0
0.0,3015.3,3408.0,-1435.0
0.0,3014.4,3407.6,-1435.0
0.0,3016.4,3409.7,-1435.0
0.0,3017.3,3417.3,-1440.0
0.0,3015.7,3419.5,-1445.0
0.0,3013.1,3422.6,-1450.0
0.0,3010.6,3426.1,-1435.0
0.0,3004.5,3424.2,-1445.0
0.0,3003.9,3424.2,-1455.0
0.0,3002.6,3426.0,-1445.0
0.0,3004.2,3423.7,-1445.0
0.0,3009.1,3420.1,-1445.0
0.0,3010.1,3418.6,-1440.0
0.0,3014.3,3418.1,-1440.0
0.0,3012.1,3414.2,-1435.0
0.0,3012.7,3414.5,-1440.0
0.0,3012.2,3413.5,-1440.0
0.0,3008.9,3410.4,-1435.0
0.0,3006.6,3409.3,-1435.0
0.0,3006.7,3408.9,-1435.0
0.0,3006.4,3406.9,-1440.0
0.0,3008.2,3407.0,-1440.0
0.0,3011.7,3404.4,-1435.0
0.0,3010.8,3403.5,-1440.0
0.0,3010.2,3406.3,-1435.0
0.0,3008.2,3410.4,-1430.0
0.0,3005.4,3409.9,-1435.0
0.0,3004.9,3415.1,-1435.0
0.0,2999.8,3413.6,-1440.0
0.0,2998.6,3412.2,-1440.0
0.0,3002.5,3407.6,-1445.0
0.0,3003.4,3404.8,-1440.0
0.0,3004.7,3399.8,-1440.0
0.0,3007.9,3400.3,-1435.0
0.0,3009.3,3401.2,-1440.0
0.0,3008.8,3402.7,-1440.0
0.0,3008.8,3406.0,-1435.0
0.0,3007.8,3405.5,-1435.0
0.0,3006.3,3406.2,-1435.0
0.0,3004.4,3405.5,-1430.0
0.0,3004.5,3406.5,-1435.0
